videoId,title,channel,comment
2NcIw1Ow3ss,김문수 후보등록 백브리핑 - 권영세가 사퇴한다 해놓고 사임을 안해~ 너 나가~~,유재일,한동훈대표님께 감사해야합니다
2NcIw1Ow3ss,김문수 후보등록 백브리핑 - 권영세가 사퇴한다 해놓고 사임을 안해~ 너 나가~~,유재일,새로운 모습을 보았습니다 기적이 일어날거라 봅니다
2NcIw1Ow3ss,김문수 후보등록 백브리핑 - 권영세가 사퇴한다 해놓고 사임을 안해~ 너 나가~~,유재일,아이구 답답
2NcIw1Ow3ss,김문수 후보등록 백브리핑 - 권영세가 사퇴한다 해놓고 사임을 안해~ 너 나가~~,유재일,뭔 권영세 한테 감사하나요~ 화가나네요~ 한동훈님  이 얼마나 바로잡기위해  애썼는데요~~
2NcIw1Ow3ss,김문수 후보등록 백브리핑 - 권영세가 사퇴한다 해놓고 사임을 안해~ 너 나가~~,유재일,어떻게 해야 할지 모르는 군 왜 어떻게 할 것인지 말해야지
2NcIw1Ow3ss,김문수 후보등록 백브리핑 - 권영세가 사퇴한다 해놓고 사임을 안해~ 너 나가~~,유재일,"결국 이리될거면서
생난리다진짜~"
2NcIw1Ow3ss,김문수 후보등록 백브리핑 - 권영세가 사퇴한다 해놓고 사임을 안해~ 너 나가~~,유재일,동지동지  그말좀 그만빼라
2NcIw1Ow3ss,김문수 후보등록 백브리핑 - 권영세가 사퇴한다 해놓고 사임을 안해~ 너 나가~~,유재일,내귀에는 딱딱 거리는 소리만 들리네요ㅎ
Cx8MeN9iG9E,"김문수, 대선 후보 등록! “기적이 일어났다”… 한덕수 전 총리와 만날 예정",팩트스팟FactSpot,"하룻밤이 불안한 당~
하룻밤이 불안한 나이~~"
Cx8MeN9iG9E,"김문수, 대선 후보 등록! “기적이 일어났다”… 한덕수 전 총리와 만날 예정",팩트스팟FactSpot,승리절대못한다
iDBEVaw7mBI,#리셋코리아 #대선후보등록#김문수 대통령 후보,MARS,승리합시다.자유민주주의 체재 수호 못하면 베네주엘라 직행입니다.
n7Ykax92B0I,"#김문수, 선관위 후보등록…""반드시 당선돼 위대한 나라 만들 것""""당원 투표, 놀라운 기적 일어나…한덕수, 잘 모시겠다""지도부 책임론에 ""선거 며칠 안남아 화합해야, 빅텐트 중요",바람소리 : 진거무선,힘내세요
n7Ykax92B0I,"#김문수, 선관위 후보등록…""반드시 당선돼 위대한 나라 만들 것""""당원 투표, 놀라운 기적 일어나…한덕수, 잘 모시겠다""지도부 책임론에 ""선거 며칠 안남아 화합해야, 빅텐트 중요",바람소리 : 진거무선,"뭐 하나 자연스럽지 않은 등록ᆢ
오물통속 등록ᆢ"
xzv1e7Yr5RY,"국민의힘, 결국 김문수 후보로 대선 후보 등록하기로..권영세 ""모든 책임지고 물러나겠다"" [이슈PLAY] / JTBC News",JTBC News,극짐 내란당이 보수로보임?  제발좀 보수와 골수의 차이를 생각좀해요. 저들은 골수입니다. 자기이익만 생각하는 골수집합소
xzv1e7Yr5RY,"국민의힘, 결국 김문수 후보로 대선 후보 등록하기로..권영세 ""모든 책임지고 물러나겠다"" [이슈PLAY] / JTBC News",JTBC News,이제 한덕수는 수사 받고 감방행인가???
xzv1e7Yr5RY,"국민의힘, 결국 김문수 후보로 대선 후보 등록하기로..권영세 ""모든 책임지고 물러나겠다"" [이슈PLAY] / JTBC News",JTBC News,JTBC ᆢ백다혜앵커님 감사합니다 ️
xzv1e7Yr5RY,"국민의힘, 결국 김문수 후보로 대선 후보 등록하기로..권영세 ""모든 책임지고 물러나겠다"" [이슈PLAY] / JTBC News",JTBC News,코메디!!!
xzv1e7Yr5RY,"국민의힘, 결국 김문수 후보로 대선 후보 등록하기로..권영세 ""모든 책임지고 물러나겠다"" [이슈PLAY] / JTBC News",JTBC News,"문수형 내란 당해보니까 기분이 어때?
그래도 오늘까진 응원했다. 재명이형 뽑아야 하니 잘있어."
xzv1e7Yr5RY,"국민의힘, 결국 김문수 후보로 대선 후보 등록하기로..권영세 ""모든 책임지고 물러나겠다"" [이슈PLAY] / JTBC News",JTBC News,국힘은 당자체가 내란당임을 스스로 공지하는구나!! 해체가 답이다!
xzv1e7Yr5RY,"국민의힘, 결국 김문수 후보로 대선 후보 등록하기로..권영세 ""모든 책임지고 물러나겠다"" [이슈PLAY] / JTBC News",JTBC News,보수궤멸의 일등곤신 권성동은 사퇴하고 정치판을 떠나라
xzv1e7Yr5RY,"국민의힘, 결국 김문수 후보로 대선 후보 등록하기로..권영세 ""모든 책임지고 물러나겠다"" [이슈PLAY] / JTBC News",JTBC News,"국짐 개그쇼 끝나서 요세 볼게없음. 
시즌2 해줘요~~~"
xzv1e7Yr5RY,"국민의힘, 결국 김문수 후보로 대선 후보 등록하기로..권영세 ""모든 책임지고 물러나겠다"" [이슈PLAY] / JTBC News",JTBC News,아나운서 한국사람이내...
xzv1e7Yr5RY,"국민의힘, 결국 김문수 후보로 대선 후보 등록하기로..권영세 ""모든 책임지고 물러나겠다"" [이슈PLAY] / JTBC News",JTBC News,바퀴들의 대환장파티
ntsU1FPfo9Q,국민의힘 김문수 대선후보 등록…한덕수 “수용하고 승복” / KBS  2025.05.11.,KBS News,"그렇게 강경하다가 너무나 순순히 물러나는 게 이상함. 법적으로 위법, 등록 무효인듯"
ntsU1FPfo9Q,국민의힘 김문수 대선후보 등록…한덕수 “수용하고 승복” / KBS  2025.05.11.,KBS News,"한덕수 벼슬이 그리도 좋더냐
계엄도 못막은 무능함도 모른체 대선 후보에 욕심을 내다니
참 뻔뻔하고도 뻔뻔하구나
저 권성동이가 문제야!"
ntsU1FPfo9Q,국민의힘 김문수 대선후보 등록…한덕수 “수용하고 승복” / KBS  2025.05.11.,KBS News,김문수 지지합니다
ntsU1FPfo9Q,국민의힘 김문수 대선후보 등록…한덕수 “수용하고 승복” / KBS  2025.05.11.,KBS News,지가 도대체 뭘했다고 겸험히수용을 하겠다는겨ㅋㅋㅋ
ntsU1FPfo9Q,국민의힘 김문수 대선후보 등록…한덕수 “수용하고 승복” / KBS  2025.05.11.,KBS News,한덕수가개덕수되었네
ntsU1FPfo9Q,국민의힘 김문수 대선후보 등록…한덕수 “수용하고 승복” / KBS  2025.05.11.,KBS News,아니요. 그냥 대선후보로만 계세요.  여기까지입니다. 덕분에 국짐이 얼마나 비상식적이고 비민주주의인 이기적 집단인지 잘 확인했습니다.
ntsU1FPfo9Q,국민의힘 김문수 대선후보 등록…한덕수 “수용하고 승복” / KBS  2025.05.11.,KBS News,한덕수 후보 정말 신사입니다
ntsU1FPfo9Q,국민의힘 김문수 대선후보 등록…한덕수 “수용하고 승복” / KBS  2025.05.11.,KBS News,아이고ᆢ나라을위해서ᆢ이재명과ᆢ는김문수는이길수없다 ᆢ이변이없는한ᆢ이이고ᆢ
ntsU1FPfo9Q,국민의힘 김문수 대선후보 등록…한덕수 “수용하고 승복” / KBS  2025.05.11.,KBS News,이재명 정치생명 퇴출
ntsU1FPfo9Q,국민의힘 김문수 대선후보 등록…한덕수 “수용하고 승복” / KBS  2025.05.11.,KBS News,김문수를 도와서 또 호남가서 외쳐라~~저도 호남 사람 입니다~~
ntsU1FPfo9Q,국민의힘 김문수 대선후보 등록…한덕수 “수용하고 승복” / KBS  2025.05.11.,KBS News,"당 내규에 의해 상당한 이유가 있다고 김문수의 후보직을 박탈 한 거고, 그래서 빈 후보직에 한덕수만을 대상으로 전 당원 찬반 투표를 한 것 아님? 
반대가 많다면 국힘은 다시 합법적 후보 선출 과정을 거쳐야만 한다."
ntsU1FPfo9Q,국민의힘 김문수 대선후보 등록…한덕수 “수용하고 승복” / KBS  2025.05.11.,KBS News,우리나라 대통령은 경상도 사람만이 될수 있다
ntsU1FPfo9Q,국민의힘 김문수 대선후보 등록…한덕수 “수용하고 승복” / KBS  2025.05.11.,KBS News,덕수야 그건 수용이 아니라 불가능한거야... 무소속 출마하던가 ㅋㅋㅋ 애초에 선거밥 위반임
ntsU1FPfo9Q,국민의힘 김문수 대선후보 등록…한덕수 “수용하고 승복” / KBS  2025.05.11.,KBS News,김문수가 대선후보 ㅋㅋㅋㅋㅋㅋ 잘돌아간다 참
ntsU1FPfo9Q,국민의힘 김문수 대선후보 등록…한덕수 “수용하고 승복” / KBS  2025.05.11.,KBS News,한덕수자격있나
ntsU1FPfo9Q,국민의힘 김문수 대선후보 등록…한덕수 “수용하고 승복” / KBS  2025.05.11.,KBS News,ㅎㅎㅎㅎ 기가찬다 꼰대들
ntsU1FPfo9Q,국민의힘 김문수 대선후보 등록…한덕수 “수용하고 승복” / KBS  2025.05.11.,KBS News,한떡수....어떠한 평가나 논할 가치도 없는 사람.....불상하다.
ntsU1FPfo9Q,국민의힘 김문수 대선후보 등록…한덕수 “수용하고 승복” / KBS  2025.05.11.,KBS News,덕수  방먹을  일만남았네
ntsU1FPfo9Q,국민의힘 김문수 대선후보 등록…한덕수 “수용하고 승복” / KBS  2025.05.11.,KBS News,그냥 쇼였노
ntsU1FPfo9Q,국민의힘 김문수 대선후보 등록…한덕수 “수용하고 승복” / KBS  2025.05.11.,KBS News,쌍권은 탈당해야지
ntsU1FPfo9Q,국민의힘 김문수 대선후보 등록…한덕수 “수용하고 승복” / KBS  2025.05.11.,KBS News,장어 덕수가 일장춘몽을 꿨네..
ntsU1FPfo9Q,국민의힘 김문수 대선후보 등록…한덕수 “수용하고 승복” / KBS  2025.05.11.,KBS News,떡수는 당비 1만원 찾아가길 바란다.
ntsU1FPfo9Q,국민의힘 김문수 대선후보 등록…한덕수 “수용하고 승복” / KBS  2025.05.11.,KBS News,최아영 어디서 점을 본거야  그리고  남편 얼굴보니 안보이디 총리가 마지막이라고 에효
ntsU1FPfo9Q,국민의힘 김문수 대선후보 등록…한덕수 “수용하고 승복” / KBS  2025.05.11.,KBS News,긍께 떡수야 뭘 믿고 뻗덴겨 왜?당원을 팔어?정신 상태가 현 집권당상태가 영 메롱을 넘었스
ntsU1FPfo9Q,국민의힘 김문수 대선후보 등록…한덕수 “수용하고 승복” / KBS  2025.05.11.,KBS News,"김문수 후보에 진통 고생 많으셨습니다 
반드시 대통령 당선 되길 기원합니다"
ntsU1FPfo9Q,국민의힘 김문수 대선후보 등록…한덕수 “수용하고 승복” / KBS  2025.05.11.,KBS News,탄핵정권 2인자..나라 쑥대밭 만들어놓고 염치도없네
ntsU1FPfo9Q,국민의힘 김문수 대선후보 등록…한덕수 “수용하고 승복” / KBS  2025.05.11.,KBS News,하루하루 지지율이 올라갈것입니다
ntsU1FPfo9Q,국민의힘 김문수 대선후보 등록…한덕수 “수용하고 승복” / KBS  2025.05.11.,KBS News,"떡수야, 이것도 마눌의 예지몽이 필요하지??!!"
ntsU1FPfo9Q,국민의힘 김문수 대선후보 등록…한덕수 “수용하고 승복” / KBS  2025.05.11.,KBS News,김문수ᆢ니는안된다ᆢ
ntsU1FPfo9Q,국민의힘 김문수 대선후보 등록…한덕수 “수용하고 승복” / KBS  2025.05.11.,KBS News,오직 김문수 대통령  후보님 화이팅
ntsU1FPfo9Q,국민의힘 김문수 대선후보 등록…한덕수 “수용하고 승복” / KBS  2025.05.11.,KBS News,법죄자죄명이들꼭이기세요
ntsU1FPfo9Q,국민의힘 김문수 대선후보 등록…한덕수 “수용하고 승복” / KBS  2025.05.11.,KBS News,김문수 화이팅!!!!!!!!
ntsU1FPfo9Q,국민의힘 김문수 대선후보 등록…한덕수 “수용하고 승복” / KBS  2025.05.11.,KBS News,또 119 전화해서 개소리할까봐 기대된다..
ntsU1FPfo9Q,국민의힘 김문수 대선후보 등록…한덕수 “수용하고 승복” / KBS  2025.05.11.,KBS News,두분께서 큰틀에서 함께하시어 국민의 열망을 이루어주사고 한총리님의 쌍권으로 실추돤 명예 회복되어지길 바랍니다.
ntsU1FPfo9Q,국민의힘 김문수 대선후보 등록…한덕수 “수용하고 승복” / KBS  2025.05.11.,KBS News,에휴 이재명은 못이긴다
ntsU1FPfo9Q,국민의힘 김문수 대선후보 등록…한덕수 “수용하고 승복” / KBS  2025.05.11.,KBS News,이재명 못 이겨요.  안탑깝다
ntsU1FPfo9Q,국민의힘 김문수 대선후보 등록…한덕수 “수용하고 승복” / KBS  2025.05.11.,KBS News,"겸허히 수용 안하면 어쩔껀데?
지 범죄 감추려고 대선 나온다는 범죄자
한덕수..윤건희의 아바타.
국민이 우습냐?"
ntsU1FPfo9Q,국민의힘 김문수 대선후보 등록…한덕수 “수용하고 승복” / KBS  2025.05.11.,KBS News,노친네야 탈당까지 해야지 ㅋㅋㅋㅋㅋㅋ
kjxwTr_-YBA,"[속보] 국민의힘 김문수, 선관위 대선 후보 등록…정식 기호 2번 / YTN", YTN,이번 대선은 누가 되야 한다가 아니라 누가 되면 안된다의 싸움이다
kjxwTr_-YBA,"[속보] 국민의힘 김문수, 선관위 대선 후보 등록…정식 기호 2번 / YTN", YTN,자유 우파른
kjxwTr_-YBA,"[속보] 국민의힘 김문수, 선관위 대선 후보 등록…정식 기호 2번 / YTN", YTN,"우,,,김문수 후보님 you did it,끝까지,, 화이팅"
kjxwTr_-YBA,"[속보] 국민의힘 김문수, 선관위 대선 후보 등록…정식 기호 2번 / YTN", YTN,넘겼어야  대선조졌다 대국적으로 보수에 미랠 생각하고 어떻게 됐건간에 힘은 모든게  못난짓만 .. 트랜드도 못따라가고  지지하는 국민들에게 실소만 나오게하는 무식하고 세련되지 못한정치만 하니참 쯧쯧
kjxwTr_-YBA,"[속보] 국민의힘 김문수, 선관위 대선 후보 등록…정식 기호 2번 / YTN", YTN,난 무조건2번 찍는다
kjxwTr_-YBA,"[속보] 국민의힘 김문수, 선관위 대선 후보 등록…정식 기호 2번 / YTN", YTN,문수님축하
kjxwTr_-YBA,"[속보] 국민의힘 김문수, 선관위 대선 후보 등록…정식 기호 2번 / YTN", YTN,멋지다 김문수~~~
kjxwTr_-YBA,"[속보] 국민의힘 김문수, 선관위 대선 후보 등록…정식 기호 2번 / YTN", YTN,"당연하지...정식으로 뽑힌 대선 후보가 김문수 후보인데

당원들이 현명하게 판결 내려 준 것이죠"
kjxwTr_-YBA,"[속보] 국민의힘 김문수, 선관위 대선 후보 등록…정식 기호 2번 / YTN", YTN,"저들이 보수정치인으로보여? 골수이익집단으로 밖에 안보여, 저들은 보수가 아니라고 정신들 차려 제발좀"
kjxwTr_-YBA,"[속보] 국민의힘 김문수, 선관위 대선 후보 등록…정식 기호 2번 / YTN", YTN,All MY Love - 김문수대통령
kjxwTr_-YBA,"[속보] 국민의힘 김문수, 선관위 대선 후보 등록…정식 기호 2번 / YTN", YTN,김문수 대통령 응원합니다 먹고사는 경제 대통령이 되길
kjxwTr_-YBA,"[속보] 국민의힘 김문수, 선관위 대선 후보 등록…정식 기호 2번 / YTN", YTN,난  1번 찍이을거임
kjxwTr_-YBA,"[속보] 국민의힘 김문수, 선관위 대선 후보 등록…정식 기호 2번 / YTN", YTN,감히 극우가 대통령이 되겠다고? 떨어지는 거야 두말하면 잔소리지만 또 부정선거니 어쩌니 딴소리나 하지 말길
kjxwTr_-YBA,"[속보] 국민의힘 김문수, 선관위 대선 후보 등록…정식 기호 2번 / YTN", YTN,소방서 119 갑질대마왕이 대통령?ㅋㅋㅋㅋㅋ
kjxwTr_-YBA,"[속보] 국민의힘 김문수, 선관위 대선 후보 등록…정식 기호 2번 / YTN", YTN,30년 트로이목마 김문순대 버텨라 ㅋㅋㅋㅋ
kjxwTr_-YBA,"[속보] 국민의힘 김문수, 선관위 대선 후보 등록…정식 기호 2번 / YTN", YTN,불쌍한덕수
kjxwTr_-YBA,"[속보] 국민의힘 김문수, 선관위 대선 후보 등록…정식 기호 2번 / YTN", YTN,여당 대표가 왜 기호 2번인가요? 기호 1번이죠.
kjxwTr_-YBA,"[속보] 국민의힘 김문수, 선관위 대선 후보 등록…정식 기호 2번 / YTN", YTN,김문수 멋있다!!
kjxwTr_-YBA,"[속보] 국민의힘 김문수, 선관위 대선 후보 등록…정식 기호 2번 / YTN", YTN,
kjxwTr_-YBA,"[속보] 국민의힘 김문수, 선관위 대선 후보 등록…정식 기호 2번 / YTN", YTN,축하합니다
kjxwTr_-YBA,"[속보] 국민의힘 김문수, 선관위 대선 후보 등록…정식 기호 2번 / YTN", YTN,김문수 얘가 도지삽니다 아니냐
kjxwTr_-YBA,"[속보] 국민의힘 김문수, 선관위 대선 후보 등록…정식 기호 2번 / YTN", YTN,한덕수 쌤통 이세상에 공짜는 없다 덕수 망신살 대박!!
GjLRjwRmt_M,김문수 후보등록 현장,핫플 힐링로드 Hotple Healing Road,"당연한거아닌가 난 윤석열 국짐당 은 안찍을건데 그래도
정상적인게 바른거안닌가"
GjLRjwRmt_M,김문수 후보등록 현장,핫플 힐링로드 Hotple Healing Road,김문수 승 축하합니다. 상대당 후보 비방보다는 자신들의 정책비젼 공약을 위주로 선거에 임하세요. 정정당당하게
GjLRjwRmt_M,김문수 후보등록 현장,핫플 힐링로드 Hotple Healing Road,왜 굳이...
GjLRjwRmt_M,김문수 후보등록 현장,핫플 힐링로드 Hotple Healing Road,이런  폭망할  일만남았다
GjLRjwRmt_M,김문수 후보등록 현장,핫플 힐링로드 Hotple Healing Road,나   ! 119   에  도지사  자랑질한  모질이야 ?
GjLRjwRmt_M,김문수 후보등록 현장,핫플 힐링로드 Hotple Healing Road,축하합니다. 이제부터대통령까지 고고
GjLRjwRmt_M,김문수 후보등록 현장,핫플 힐링로드 Hotple Healing Road,7범의 승리.  . . .ㅋ
GjLRjwRmt_M,김문수 후보등록 현장,핫플 힐링로드 Hotple Healing Road,대통령이 아니라 후보가 되고싶은분 ㅎㅎ.
GjLRjwRmt_M,김문수 후보등록 현장,핫플 힐링로드 Hotple Healing Road,정의는 승리한다
GjLRjwRmt_M,김문수 후보등록 현장,핫플 힐링로드 Hotple Healing Road,국민모두 김문수대선후보로  민족의 대서사시씁시다
GjLRjwRmt_M,김문수 후보등록 현장,핫플 힐링로드 Hotple Healing Road,안될거 본인도 알건데 왜 하는지 이해가 안되네
GjLRjwRmt_M,김문수 후보등록 현장,핫플 힐링로드 Hotple Healing Road,대통령당선으로 온힘을 모읍시다
GjLRjwRmt_M,김문수 후보등록 현장,핫플 힐링로드 Hotple Healing Road,"역시 김문수 온 동네가 축하분위기 입니다
열열히 응원지지합니다
반드시 대통령되십니다"
GjLRjwRmt_M,김문수 후보등록 현장,핫플 힐링로드 Hotple Healing Road,내란당이 쿠데타 실패하고 김문순대로. 후보 확정했네 ㅋㅋ
GjLRjwRmt_M,김문수 후보등록 현장,핫플 힐링로드 Hotple Healing Road,위에 두분포함 18%봅니다
GjLRjwRmt_M,김문수 후보등록 현장,핫플 힐링로드 Hotple Healing Road,"너무 촌티나는데
밑바닥 노동자출신인가?"
GjLRjwRmt_M,김문수 후보등록 현장,핫플 힐링로드 Hotple Healing Road,김문수대통령
lYeFXQs1sqw,후보 등록 마친 김문수 “위대한 나라 만드는 데 최선 다하겠다”,오마이TV,"아저씨가 정당한 권리 다시 찾은 건 축하드리는데.
글쎄... 사이비 종교인하고 붙어먹은 사람을 대통령으로?
내란 옹호하던 사람을?
꿈도 크시네..."
lYeFXQs1sqw,후보 등록 마친 김문수 “위대한 나라 만드는 데 최선 다하겠다”,오마이TV,"도와주셔서 감사합니다 위대한 대한민국 국민과 
이재명 대통령이 만들겠습니다"
lYeFXQs1sqw,후보 등록 마친 김문수 “위대한 나라 만드는 데 최선 다하겠다”,오마이TV,"위대한 나라는 당신이 신경 쓸 것 없고, 일단 그 국짐 집구석이나 단속을 하던 아님 해체 후 다시 새집을 짓던 해라."
lYeFXQs1sqw,후보 등록 마친 김문수 “위대한 나라 만드는 데 최선 다하겠다”,오마이TV,전광훈 신도이면서 뉴라이트인 니가? 내란공범인 니가?
lYeFXQs1sqw,후보 등록 마친 김문수 “위대한 나라 만드는 데 최선 다하겠다”,오마이TV,문수야.계엄찬성한 거 빌어라.그래도 대통령은 못되겠지만 당권은 잡을 수 있단다.뭐 그 당도 내란당으로 해체되겠지만
lYeFXQs1sqw,후보 등록 마친 김문수 “위대한 나라 만드는 데 최선 다하겠다”,오마이TV,꼭 승리하세요
lYeFXQs1sqw,후보 등록 마친 김문수 “위대한 나라 만드는 데 최선 다하겠다”,오마이TV,어리버리 김문수
lYeFXQs1sqw,후보 등록 마친 김문수 “위대한 나라 만드는 데 최선 다하겠다”,오마이TV,"기름장어랑 싸울때는 응원했었는데,이제는 우리가 헤어져야할땐가봐 문수형!"
lYeFXQs1sqw,후보 등록 마친 김문수 “위대한 나라 만드는 데 최선 다하겠다”,오마이TV,위대한 나라?  국적이 어디세요?
lYeFXQs1sqw,후보 등록 마친 김문수 “위대한 나라 만드는 데 최선 다하겠다”,오마이TV,대한민국을 사이비 천국으로 만들겠다는 의지!!!!
lYeFXQs1sqw,후보 등록 마친 김문수 “위대한 나라 만드는 데 최선 다하겠다”,오마이TV,"참으로 안타갑구나 ! 사람을 볼줄 알아야 하는데 과연 누가 국가를 위해서 더일할
능력이 있는가 판단해야 하는데 
我田引水,팔이 안으로 굽듯이 당원일부가 지지하는 것만으로 정했으니 전국민의 지지를  얼마나 받을지 모르겠다"
lYeFXQs1sqw,후보 등록 마친 김문수 “위대한 나라 만드는 데 최선 다하겠다”,오마이TV,"후보 당선 취소 공고 냈잖아~~~~후보 당선 취소된 사람이 어떻게  등록했니? ㅋㅋㅋㅋ ㅋㅋㅋㅋ ㅋㅋㅋㅋ
 이 등록 무효네. 2번 갖다 버리자 ㅋㅋㅋ"
lYeFXQs1sqw,후보 등록 마친 김문수 “위대한 나라 만드는 데 최선 다하겠다”,오마이TV,"아싸 김문수 당첨 경축 !!
가즈아
재명이형 찍으러"
lYeFXQs1sqw,후보 등록 마친 김문수 “위대한 나라 만드는 데 최선 다하겠다”,오마이TV,근데 문수씨 뉴라이트 아니세요?
lYeFXQs1sqw,후보 등록 마친 김문수 “위대한 나라 만드는 데 최선 다하겠다”,오마이TV,내일 사퇴해라. 그게 나라를 위한 애국이다
lYeFXQs1sqw,후보 등록 마친 김문수 “위대한 나라 만드는 데 최선 다하겠다”,오마이TV,"대통령후보로~ 
존재감 증명은 되신걸로~~~거기까지!"
lYeFXQs1sqw,후보 등록 마친 김문수 “위대한 나라 만드는 데 최선 다하겠다”,오마이TV,일본 식민지 만들겠지.
lYeFXQs1sqw,후보 등록 마친 김문수 “위대한 나라 만드는 데 최선 다하겠다”,오마이TV,지금부터 김문순대 지지를 철회한다 ㅋ
lYeFXQs1sqw,후보 등록 마친 김문수 “위대한 나라 만드는 데 최선 다하겠다”,오마이TV,"당내경선에서 승리한 뒤에 놀라운 기적이 일어나 마침내 대통령후보로 등록( =김문수 ) 
도대체 뭐가 기적인 거냐? 숨쉬고 사는거~"
lYeFXQs1sqw,후보 등록 마친 김문수 “위대한 나라 만드는 데 최선 다하겠다”,오마이TV,"주말에는 제발 쫌 쉬자
하루도 쉴 틈을 주지않노..."
lYeFXQs1sqw,후보 등록 마친 김문수 “위대한 나라 만드는 데 최선 다하겠다”,오마이TV,웃긴다. 집단내왕따가 나라를 구하겠단다.
lYeFXQs1sqw,후보 등록 마친 김문수 “위대한 나라 만드는 데 최선 다하겠다”,오마이TV,"대선은  물건너갔어요...대선후의 지방선거에 올인하세요.
공천으로, 썩렬이 쌍권총패거리 싹 물갈이하고, 당을 새롭게 만드세요"
lYeFXQs1sqw,후보 등록 마친 김문수 “위대한 나라 만드는 데 최선 다하겠다”,오마이TV,전광훈이 떠오르는건 왜?
lYeFXQs1sqw,후보 등록 마친 김문수 “위대한 나라 만드는 데 최선 다하겠다”,오마이TV,전광훈과 함께?
lYeFXQs1sqw,후보 등록 마친 김문수 “위대한 나라 만드는 데 최선 다하겠다”,오마이TV,"김구선생님 국적은 어디세요?
전광훈을 위해 눈물흘린 우리문수씨"
lYeFXQs1sqw,후보 등록 마친 김문수 “위대한 나라 만드는 데 최선 다하겠다”,오마이TV,"조금 양보해서 한덕수 같이 이재명을 이길 방법을 찾아보지 그랬나?
처음엔 지지했으나 정 떨어진다~~"
lYeFXQs1sqw,후보 등록 마친 김문수 “위대한 나라 만드는 데 최선 다하겠다”,오마이TV,내란당의 뻔뻔함과 역겨움은 언제나 우리의 상상 그 이상이네요
lYeFXQs1sqw,후보 등록 마친 김문수 “위대한 나라 만드는 데 최선 다하겠다”,오마이TV,반성없는 내란세력들...
lYeFXQs1sqw,후보 등록 마친 김문수 “위대한 나라 만드는 데 최선 다하겠다”,오마이TV,예전  노동 운동 할때의  김문수로  돌아가면  부담 되는  경쟁자인데.. 사실  만만하기는  덕수가  꿀인데…
lYeFXQs1sqw,후보 등록 마친 김문수 “위대한 나라 만드는 데 최선 다하겠다”,오마이TV,위험하다 위험해....
lYeFXQs1sqw,후보 등록 마친 김문수 “위대한 나라 만드는 데 최선 다하겠다”,오마이TV,그 길은 역사의 뒤안길로 사라지는 것
lYeFXQs1sqw,후보 등록 마친 김문수 “위대한 나라 만드는 데 최선 다하겠다”,오마이TV,국짐 후보들은 진짜 답이 없다. 동네 이장도 이놈들 보다 백배는 낮다.
lYeFXQs1sqw,후보 등록 마친 김문수 “위대한 나라 만드는 데 최선 다하겠다”,오마이TV,제2의 박정희  대통령이  되어주세요.
lYeFXQs1sqw,후보 등록 마친 김문수 “위대한 나라 만드는 데 최선 다하겠다”,오마이TV,"잘 하실거라 믿습니다
응원합니다"
lYeFXQs1sqw,후보 등록 마친 김문수 “위대한 나라 만드는 데 최선 다하겠다”,오마이TV,무적함대 김문수 나아가 승리한다
lYeFXQs1sqw,후보 등록 마친 김문수 “위대한 나라 만드는 데 최선 다하겠다”,오마이TV,"여기 댓글 참 묘하네
축하드립니다 
꼭 이기셔서 대한민국을 반석위에 올려주세요
 정상화된 나라로 가즈아"
lYeFXQs1sqw,후보 등록 마친 김문수 “위대한 나라 만드는 데 최선 다하겠다”,오마이TV,6월3일 전까지만 나름 기분내세요~ 한달도 안 남았네요
lYeFXQs1sqw,후보 등록 마친 김문수 “위대한 나라 만드는 데 최선 다하겠다”,오마이TV,위대한 나라를 만들고 싶다는게 진심이라면 본인의 주제를 스스로 인정하고 후보사퇴를 하셔야죠.. 경선토론때 말도 제대로 못해서 어버버하는 사람이 무슨 재주로 위대한 나라를 만듭니까? .. 불쾌하기 짝이 없네
lYeFXQs1sqw,후보 등록 마친 김문수 “위대한 나라 만드는 데 최선 다하겠다”,오마이TV,이제 전광 문수 기사좀 그만 보자~ㅋㅋㅋ
lYeFXQs1sqw,후보 등록 마친 김문수 “위대한 나라 만드는 데 최선 다하겠다”,오마이TV,문수  난 당신을  선택할것입니다
lYeFXQs1sqw,후보 등록 마친 김문수 “위대한 나라 만드는 데 최선 다하겠다”,오마이TV,"당선?
너 마 구색이야."
lYeFXQs1sqw,후보 등록 마친 김문수 “위대한 나라 만드는 데 최선 다하겠다”,오마이TV,뭐로 만든다는겨?
lYeFXQs1sqw,후보 등록 마친 김문수 “위대한 나라 만드는 데 최선 다하겠다”,오마이TV,도긴개긴
lYeFXQs1sqw,후보 등록 마친 김문수 “위대한 나라 만드는 데 최선 다하겠다”,오마이TV,"일본이 우리를 지배할때 우리 국민의 국적이 일본 이라는 친일인 당신이 위대를 모르는데 어떻게 기적이 일어 날까..
일본이 우리를 지배하던 시절, 우리의 국적은 ‘일본’이었다. 
그건 선택이 아니었다. 총칼 앞에 강제로 찍힌 국적, 억지로 입혀진 이름이었다. 그 시대를 살았던 사람들은 조용히 속을 씹으며, 마음속 조국을 감추고 살았다.
그러나 그 시대에도 기적은 있었다. 잊히지 않은 이름들, 굴복하지 않았던 말들, 목숨보다 귀한 가치를 지켰던 이들이 있었다. 그런데 그 기적은 어디서 왔을까?

요즘 누군가는 기적을 말한다. 현실이 답답하니, 뭔가 큰 변화, 예상치 못한 반전을 바라는 것이다. 그런데 묻고 싶다. 친일을 미화하거나, 역사적 아픔을 외면하고도 과연 기적을 바랄 수 있는가?

일제 강점기, 누군가는 '일본인'으로 살았다. 자발적 친일의 길을 택하며 민족의 등을 돌렸다. 그런 사람이 위대한 것의 의미를 모른다면, 어떻게 기적을 맞을 준비가 되었을까?

기적은 준비된 사람에게만 온다. 아픈 역사를 직시하고, 부끄러움과 고통을 회피하지 않으며, 진실을 품은 이에게만 오는 것이다. 위대함은 결과가 아니라 태도에서 시작된다. 과거를 부정하면서 미래를 꿈꿀 수는 없다.

역사란 단지 지나간 이야기가 아니다. 지금 우리가 서 있는 이 자리의 뿌리이고, 내일 우리가 걸어갈 길의 방향이기도 하다. 그러니 기적은 어느 날 갑자기 하늘에서 떨어지지 않는다. 그것은 고통의 진실을 견딘 자들의 가슴에서부터 조용히 시작된다."
lYeFXQs1sqw,후보 등록 마친 김문수 “위대한 나라 만드는 데 최선 다하겠다”,오마이TV,야도 내란 옹호
lYeFXQs1sqw,후보 등록 마친 김문수 “위대한 나라 만드는 데 최선 다하겠다”,오마이TV,청백리 대통령   후보  김문수  화이팅
lYeFXQs1sqw,후보 등록 마친 김문수 “위대한 나라 만드는 데 최선 다하겠다”,오마이TV,김후보님.지금은.싸울때가.아닙니다.죄명이를재명시켜야합니다.
lYeFXQs1sqw,후보 등록 마친 김문수 “위대한 나라 만드는 데 최선 다하겠다”,오마이TV,소방대장 원하는대로 링위에 올라왔음?이젠 줘터제야 할 시간이네.ㅠ
lYeFXQs1sqw,후보 등록 마친 김문수 “위대한 나라 만드는 데 최선 다하겠다”,오마이TV,전과7
lYeFXQs1sqw,후보 등록 마친 김문수 “위대한 나라 만드는 데 최선 다하겠다”,오마이TV,한덕수 만을 대상으로 한 전 당원 찬반 투표가 이미 당 내규에 의해 그 지위를 잃은 김문수의 후보직 지위를 돌려 놓을 수는 없음.
lYeFXQs1sqw,후보 등록 마친 김문수 “위대한 나라 만드는 데 최선 다하겠다”,오마이TV,참 뻔뻔한 내란당과 그들의 대선후보
lYeFXQs1sqw,후보 등록 마친 김문수 “위대한 나라 만드는 데 최선 다하겠다”,오마이TV,"내란세력의 재롱잔치 잘 봤습니다.
강신들 때문에 코미디언 전부 설 자리 없게 되었다.
개그맨들 당사 앞에서 농성할 듯."
lYeFXQs1sqw,후보 등록 마친 김문수 “위대한 나라 만드는 데 최선 다하겠다”,오마이TV,그냥 져는게 위대한 나라를 만드는 길입니다
lYeFXQs1sqw,후보 등록 마친 김문수 “위대한 나라 만드는 데 최선 다하겠다”,오마이TV,예전 민주투사였던 김문수는 존경하지만  지금 전광훈 김행 차명진 민경욱등과 어울리고 있는 당신은 절대 지지할 수가 없음
lYeFXQs1sqw,후보 등록 마친 김문수 “위대한 나라 만드는 데 최선 다하겠다”,오마이TV,개싸움 계속해
lYeFXQs1sqw,후보 등록 마친 김문수 “위대한 나라 만드는 데 최선 다하겠다”,오마이TV,너의 국민과 함께 떠나라
gyQzks9Vmp4,김문수 '기호 2번' 후보 등록...텃밭 향하는 이재명 / YTN, YTN,이준석 성상납 은폐 노하우 태크닉 공개 부탁합니다.
gyQzks9Vmp4,김문수 '기호 2번' 후보 등록...텃밭 향하는 이재명 / YTN, YTN,쌍권 들은 사퇴해라. 자격 없다.
gyQzks9Vmp4,김문수 '기호 2번' 후보 등록...텃밭 향하는 이재명 / YTN, YTN,박상규 평론가님의 평론          객관성에 비추어 훌륭하시네요
gyQzks9Vmp4,김문수 '기호 2번' 후보 등록...텃밭 향하는 이재명 / YTN, YTN,박상규평론가 정말 멋지십니다!
gyQzks9Vmp4,김문수 '기호 2번' 후보 등록...텃밭 향하는 이재명 / YTN, YTN,최찰열씨는  발전없는 소리     하지마세묘
gyQzks9Vmp4,김문수 '기호 2번' 후보 등록...텃밭 향하는 이재명 / YTN, YTN,"이번 대선은 ""선 vs. 악""의 대결이 될 듯... 건강한 ""선""과 강력한 ""악"" 중 어느 쪽이 이길 것인가?"
gyQzks9Vmp4,김문수 '기호 2번' 후보 등록...텃밭 향하는 이재명 / YTN, YTN,김문수 화이팅
gyQzks9Vmp4,김문수 '기호 2번' 후보 등록...텃밭 향하는 이재명 / YTN, YTN,선과 악의 다결이면 인간 세상에서는  선이 이기는 거지요
gyQzks9Vmp4,김문수 '기호 2번' 후보 등록...텃밭 향하는 이재명 / YTN, YTN,"이제부터..
선과 악의 대결이다.."
gyQzks9Vmp4,김문수 '기호 2번' 후보 등록...텃밭 향하는 이재명 / YTN, YTN,"경기도 신도시 누가 발전시켰게?? 나라 빚으로 국민을 현혹하고 고기 잡는법을 가르쳐야지,,,돈풀어서 다주면 그부채는 재명이 후손이 갚을래???화성갈까하는 시대에,,,요즘사람들 바보아닙니다... Wake up everybody."
gyQzks9Vmp4,김문수 '기호 2번' 후보 등록...텃밭 향하는 이재명 / YTN, YTN,김문수가 답이다
gyQzks9Vmp4,김문수 '기호 2번' 후보 등록...텃밭 향하는 이재명 / YTN, YTN,경제학과 김문수님  정치잘하시겁니다   믿고 무조건 김문수님 응원합니다   대통령 되시길바랍니다
gyQzks9Vmp4,김문수 '기호 2번' 후보 등록...텃밭 향하는 이재명 / YTN, YTN,"최 창렬님 , 마인드를 바꾸세요.불만스런 마음은 싹 처리하시고 , 앞으로 잘될거란 믿음을 가지세요.
(첫째는 국민이 계몽이 되었습니다.)
범죄자들을 향해서 계엄을 한것인데,
절대로 훙악한 범죄자가 대선에서 이기면 안됩니다.그러면 (끔찍한 일이 일어납니다)
최창렬님 마인드를 바꾸십시요."
gyQzks9Vmp4,김문수 '기호 2번' 후보 등록...텃밭 향하는 이재명 / YTN, YTN,저력있는 김문수 이제명의 꼬리도 이렇게 물어서 우리에게 희망을
gyQzks9Vmp4,김문수 '기호 2번' 후보 등록...텃밭 향하는 이재명 / YTN, YTN,"최창영님, (계몽하세요.)나라가 소리없이 공산당으로 넘어갈뻔했는데, 계엄이 아니었으면 (좌파가 , 범죄자가, )민주당 이 들어섯을겁니다.
끔찍한 그림이죠.
두분이서 힘을 합해서 도우시면 다 잘 될겁니다.믿고 도웁시다.긍정적으로 믿고 도웁시다.
그동안에 불미스런 일들이 있었지만 결과가 중요하죠.
 계엄 잘 하신겁니다.
국민이 깨었다는것이 중요합니다.
계엄에 대해서 사과하라마라 하지마세요."
gyQzks9Vmp4,김문수 '기호 2번' 후보 등록...텃밭 향하는 이재명 / YTN, YTN,"토론 기다려진다,,, 청렴한 김후보랑 재명이,,,"
gyQzks9Vmp4,김문수 '기호 2번' 후보 등록...텃밭 향하는 이재명 / YTN, YTN,김문수*한덕수    뭉치세요
gyQzks9Vmp4,김문수 '기호 2번' 후보 등록...텃밭 향하는 이재명 / YTN, YTN,"대선후보 단일화가 동대표 뽑는 거도 아닌데 분탕질은 불가피하다. 그런 분탕질속에서 김문수를 어쩔수없이?택한 국힘당원들이야말로 대단하다. 
지금부터가 진짜 싸움이다. 
한덕수는 큰 잘못없다. 쌍권도  사욕을 부린 것은 아니다. 한덕수가 김문수를 도와 혼신을 다해 대선을 뛰게 하느냐가 관건이다. 한덕수를 비난하고 내치면 꽝이된다.
아직 국운이 완전 소멸하지는 않은 듯 싶다."
gyQzks9Vmp4,김문수 '기호 2번' 후보 등록...텃밭 향하는 이재명 / YTN, YTN,드라마틱한  영화 1편 잘 봤다.  좋은  극이다.
gyQzks9Vmp4,김문수 '기호 2번' 후보 등록...텃밭 향하는 이재명 / YTN, YTN,잘한다  김문수후보
gyQzks9Vmp4,김문수 '기호 2번' 후보 등록...텃밭 향하는 이재명 / YTN, YTN,추잡하게껴안기는악수나하지
gyQzks9Vmp4,김문수 '기호 2번' 후보 등록...텃밭 향하는 이재명 / YTN, YTN,잘한다 김민수후보
gyQzks9Vmp4,김문수 '기호 2번' 후보 등록...텃밭 향하는 이재명 / YTN, YTN,끝이 없는 범죄집단 이제는 끝이다
gyQzks9Vmp4,김문수 '기호 2번' 후보 등록...텃밭 향하는 이재명 / YTN, YTN,사과 사과 하는데 사과가 무어 그리 의미 있고 중요한가. 이제 재 뿌리는 소리들은 안하면 좋겠다.
gyQzks9Vmp4,김문수 '기호 2번' 후보 등록...텃밭 향하는 이재명 / YTN, YTN,한미일 vs 북중러.대결이네
gyQzks9Vmp4,김문수 '기호 2번' 후보 등록...텃밭 향하는 이재명 / YTN, YTN,자정과 정의가 있는 국힘과 그렇지 못한 민주당
gyQzks9Vmp4,김문수 '기호 2번' 후보 등록...텃밭 향하는 이재명 / YTN, YTN,미국 손 놓고 중국 손잡으면 대한민국은 다시 조선시대 된다.
gyQzks9Vmp4,김문수 '기호 2번' 후보 등록...텃밭 향하는 이재명 / YTN, YTN,이재명 대통령 되시려면 품위부터 지키세요  대통령이라면 인자하고  따뜻한  면이 있어야 하는데 이재명은 거리가  너무 멀어  대통렁 감이 아닙니다
gyQzks9Vmp4,김문수 '기호 2번' 후보 등록...텃밭 향하는 이재명 / YTN, YTN,웃긴다 이재명이테러다
gyQzks9Vmp4,김문수 '기호 2번' 후보 등록...텃밭 향하는 이재명 / YTN, YTN,"이재명은.넘 부끄러워.
제발.쪽팔려요.ㅠ"
gyQzks9Vmp4,김문수 '기호 2번' 후보 등록...텃밭 향하는 이재명 / YTN, YTN,자기들 유리한쪽으로 해석하는건 천재쪽에 가깝네
gyQzks9Vmp4,김문수 '기호 2번' 후보 등록...텃밭 향하는 이재명 / YTN, YTN,정의는 살아있다 김문수후보님 꼭 대통령돼어서 정의로운나라 세우세요
gyQzks9Vmp4,김문수 '기호 2번' 후보 등록...텃밭 향하는 이재명 / YTN, YTN,윤대통령님 힘내세요  차기대통령김문수가있잔아요 장예찬화이팅 배변호사님화이팅 차명진화이팅
gyQzks9Vmp4,김문수 '기호 2번' 후보 등록...텃밭 향하는 이재명 / YTN, YTN,윤여준  말이  맞나?
gyQzks9Vmp4,김문수 '기호 2번' 후보 등록...텃밭 향하는 이재명 / YTN, YTN,감동입니다 역시 김문수대통령 후보이십니다
gyQzks9Vmp4,김문수 '기호 2번' 후보 등록...텃밭 향하는 이재명 / YTN, YTN,이렇게 인물이 없나..
gyQzks9Vmp4,김문수 '기호 2번' 후보 등록...텃밭 향하는 이재명 / YTN, YTN,"민주당보다 훨씬난데,그만 깍아라."
gyQzks9Vmp4,김문수 '기호 2번' 후보 등록...텃밭 향하는 이재명 / YTN, YTN,아마 사과 하실겁니다
gyQzks9Vmp4,김문수 '기호 2번' 후보 등록...텃밭 향하는 이재명 / YTN, YTN,전과5범과는 하늘과 땅 차이다
gyQzks9Vmp4,김문수 '기호 2번' 후보 등록...텃밭 향하는 이재명 / YTN, YTN,국짐은 사생결단 피투성이 벌리다가 또 백년지기인양 만면에 가면의 웃음탈을 쓰는데 아무 주저함이 없더라는
gyQzks9Vmp4,김문수 '기호 2번' 후보 등록...텃밭 향하는 이재명 / YTN, YTN,"국힘은 대권후보 쟁탈전으로  정책은 전무한데 대책없이 무조건 뭘 잘하겠다는건지,
민주는 출발해서 반환점을 가고있는데, 말만하면 이재명 타도 국민은 정책으로 경쟁을기대한다."
gyQzks9Vmp4,김문수 '기호 2번' 후보 등록...텃밭 향하는 이재명 / YTN, YTN,"그래도 
찢은 못 찍자너"
gyQzks9Vmp4,김문수 '기호 2번' 후보 등록...텃밭 향하는 이재명 / YTN, YTN,정치평론가라는 사람이 방송에 나와서 헛 소릴하고 있네 ~교수님 말읍이 백번 맞는겁니다.
gyQzks9Vmp4,김문수 '기호 2번' 후보 등록...텃밭 향하는 이재명 / YTN, YTN,어디 전과 5범이 기가찬다
gyQzks9Vmp4,김문수 '기호 2번' 후보 등록...텃밭 향하는 이재명 / YTN, YTN,"냅두어라  재들이  국민이 안중에 있냐
민주당원 과 국민들은 놀리지도 않았다 주먹질하고  난장판을 일으켜도 그러러니 한다"
gyQzks9Vmp4,김문수 '기호 2번' 후보 등록...텃밭 향하는 이재명 / YTN, YTN,"참으로 안타갑구나 ! 사람을 볼줄 알아야 하는데 과연 누가 국가를 위해서 더일할
능력이 있는가 판단해야 하는데 
我田引水,팔이 안으로 굽듯이 당원일부가 지지하는 것만으로 정했으니 전국민의 지지를  얼마나 받을지 모르겠다"
gyQzks9Vmp4,김문수 '기호 2번' 후보 등록...텃밭 향하는 이재명 / YTN, YTN,"당원의 한사람으로서 일구이원을 멋대로하는 김후보를 믿을수가. 없다,  이재명보다. 뭐가 나은가??  헌시짝처럼. 말을 바꾸는 김때문에 선거에 기권하는것이 좋을것갔다,  과연 단일화를 배제하고 성공할수 있겠나?  아름다운 동행을 뿌리친. 김때문에 국힘은 이제 죽었다,"
gyQzks9Vmp4,김문수 '기호 2번' 후보 등록...텃밭 향하는 이재명 / YTN, YTN,"개판들이다
웃기는당이구나"
gyQzks9Vmp4,김문수 '기호 2번' 후보 등록...텃밭 향하는 이재명 / YTN, YTN,죄멍이 저승사자 나타났다
gyQzks9Vmp4,김문수 '기호 2번' 후보 등록...텃밭 향하는 이재명 / YTN, YTN,간신이 덕수는 정말 정상인이 아닌데 무얼 바래요  완전 날 도둑놈 한테 바랄게 없어요.
gyQzks9Vmp4,김문수 '기호 2번' 후보 등록...텃밭 향하는 이재명 / YTN, YTN,한덕수 사법카르텔의 일원니 ㅋ
kyrpZ5ajdxQ,"[다시보기] 김문수, 국힘 대선 후보 등록…""반드시 당선돼 위대한 나라 만들 것""-5월 11일 (일) 풀영상 [이슈현장] / JTBC News",JTBC News,나라가 아니라 김문수를 위대하게 만드는거겠지
kyrpZ5ajdxQ,"[다시보기] 김문수, 국힘 대선 후보 등록…""반드시 당선돼 위대한 나라 만들 것""-5월 11일 (일) 풀영상 [이슈현장] / JTBC News",JTBC News,콩 심은데 콩나지 밭 나겠냐?  뉴라이트가 무슨 대한민국을 위한다고....일제시대면  또 모르지 ..
kyrpZ5ajdxQ,"[다시보기] 김문수, 국힘 대선 후보 등록…""반드시 당선돼 위대한 나라 만들 것""-5월 11일 (일) 풀영상 [이슈현장] / JTBC News",JTBC News,욕하러 왔는데 이미 욕밭이네
kyrpZ5ajdxQ,"[다시보기] 김문수, 국힘 대선 후보 등록…""반드시 당선돼 위대한 나라 만들 것""-5월 11일 (일) 풀영상 [이슈현장] / JTBC News",JTBC News,김문수 뒷배 전광훈??
kyrpZ5ajdxQ,"[다시보기] 김문수, 국힘 대선 후보 등록…""반드시 당선돼 위대한 나라 만들 것""-5월 11일 (일) 풀영상 [이슈현장] / JTBC News",JTBC News,회담장에서 후보 김문숩니다 만 반복해서 한덕수가 질려 포기했다는 썰
kyrpZ5ajdxQ,"[다시보기] 김문수, 국힘 대선 후보 등록…""반드시 당선돼 위대한 나라 만들 것""-5월 11일 (일) 풀영상 [이슈현장] / JTBC News",JTBC News,위대한나라? 2찍들 투표잘해야해 또 추운데 길에서 헤매는일없게 걱정된다 이번엔 전광훈이야?
kyrpZ5ajdxQ,"[다시보기] 김문수, 국힘 대선 후보 등록…""반드시 당선돼 위대한 나라 만들 것""-5월 11일 (일) 풀영상 [이슈현장] / JTBC News",JTBC News,장제원이 부릅니다. 문수형 난 여깄어. 내 마음도 모르고 출마하면 어뜨케
kyrpZ5ajdxQ,"[다시보기] 김문수, 국힘 대선 후보 등록…""반드시 당선돼 위대한 나라 만들 것""-5월 11일 (일) 풀영상 [이슈현장] / JTBC News",JTBC News,위대한 내란 독재국가 만들생각에 신났네 신났어
kyrpZ5ajdxQ,"[다시보기] 김문수, 국힘 대선 후보 등록…""반드시 당선돼 위대한 나라 만들 것""-5월 11일 (일) 풀영상 [이슈현장] / JTBC News",JTBC News,2찍들 맨날 하는 소리가 이재명 범죄자 범죄자 하던데  앞으로 그 범죄자 논리는 못펴겠네  김문수는 전과 7범이라는데 ㅋㅋㅋ
kyrpZ5ajdxQ,"[다시보기] 김문수, 국힘 대선 후보 등록…""반드시 당선돼 위대한 나라 만들 것""-5월 11일 (일) 풀영상 [이슈현장] / JTBC News",JTBC News,진짜 언더커버면 인정~ 아니면 손절~ 투표는 내맘   응원함니다~
kyrpZ5ajdxQ,"[다시보기] 김문수, 국힘 대선 후보 등록…""반드시 당선돼 위대한 나라 만들 것""-5월 11일 (일) 풀영상 [이슈현장] / JTBC News",JTBC News,덕수할배 하는짓이 어처구니가 없어서 지켜보긴 했지만 문수 너도 주제 파악은 해야지.대똥깜이라고 착각하는 건희?
kyrpZ5ajdxQ,"[다시보기] 김문수, 국힘 대선 후보 등록…""반드시 당선돼 위대한 나라 만들 것""-5월 11일 (일) 풀영상 [이슈현장] / JTBC News",JTBC News,"에휴 왜 저들은 모를까 대한민국 국민이 아닌가?
아님 모른척하는걸까"
kyrpZ5ajdxQ,"[다시보기] 김문수, 국힘 대선 후보 등록…""반드시 당선돼 위대한 나라 만들 것""-5월 11일 (일) 풀영상 [이슈현장] / JTBC News",JTBC News,119에전화해서 도지사라고 권력을  과시하는 저분이 또 무슨 위대한짓을하려고
kyrpZ5ajdxQ,"[다시보기] 김문수, 국힘 대선 후보 등록…""반드시 당선돼 위대한 나라 만들 것""-5월 11일 (일) 풀영상 [이슈현장] / JTBC News",JTBC News,너는 다르겠냐 친윤에 역사왜곡에 뉴라이트에 내란옹호에 전과7범주제에
kyrpZ5ajdxQ,"[다시보기] 김문수, 국힘 대선 후보 등록…""반드시 당선돼 위대한 나라 만들 것""-5월 11일 (일) 풀영상 [이슈현장] / JTBC News",JTBC News,
kyrpZ5ajdxQ,"[다시보기] 김문수, 국힘 대선 후보 등록…""반드시 당선돼 위대한 나라 만들 것""-5월 11일 (일) 풀영상 [이슈현장] / JTBC News",JTBC News,설사나 똥이나 ㅋㅋㅋ
kyrpZ5ajdxQ,"[다시보기] 김문수, 국힘 대선 후보 등록…""반드시 당선돼 위대한 나라 만들 것""-5월 11일 (일) 풀영상 [이슈현장] / JTBC News",JTBC News,전광훈이 국무총리 시킬거여?
kyrpZ5ajdxQ,"[다시보기] 김문수, 국힘 대선 후보 등록…""반드시 당선돼 위대한 나라 만들 것""-5월 11일 (일) 풀영상 [이슈현장] / JTBC News",JTBC News,김 문수 후보님 권성동 친윤이랑 절연 해야 중도층 표 잡을수 있어요
kyrpZ5ajdxQ,"[다시보기] 김문수, 국힘 대선 후보 등록…""반드시 당선돼 위대한 나라 만들 것""-5월 11일 (일) 풀영상 [이슈현장] / JTBC News",JTBC News,김문수.화이팅
kyrpZ5ajdxQ,"[다시보기] 김문수, 국힘 대선 후보 등록…""반드시 당선돼 위대한 나라 만들 것""-5월 11일 (일) 풀영상 [이슈현장] / JTBC News",JTBC News,정말 정말 위대 역사관도 바로 정립 안된분이 위대?? 자장면 100그릇드시면 위대해질거에요??
kyrpZ5ajdxQ,"[다시보기] 김문수, 국힘 대선 후보 등록…""반드시 당선돼 위대한 나라 만들 것""-5월 11일 (일) 풀영상 [이슈현장] / JTBC News",JTBC News,이재명 막으려고 내놓은게 김문수냐ㅋㅋㅋㅋㅋㅋ
kyrpZ5ajdxQ,"[다시보기] 김문수, 국힘 대선 후보 등록…""반드시 당선돼 위대한 나라 만들 것""-5월 11일 (일) 풀영상 [이슈현장] / JTBC News",JTBC News,당신들은 민주주의단어는 해서는 안되지요 다들 또같은 내란당
kyrpZ5ajdxQ,"[다시보기] 김문수, 국힘 대선 후보 등록…""반드시 당선돼 위대한 나라 만들 것""-5월 11일 (일) 풀영상 [이슈현장] / JTBC News",JTBC News,"김문수,  돈키호테 가  국짐 대선 출마    ...    환영합니다"
kyrpZ5ajdxQ,"[다시보기] 김문수, 국힘 대선 후보 등록…""반드시 당선돼 위대한 나라 만들 것""-5월 11일 (일) 풀영상 [이슈현장] / JTBC News",JTBC News,윤석열 김건희 권성동 권영세 한덕수는 무사하지 못하겠다! 짜고치는 각본에서 살아난  김문수가 가만 두겠나?
kyrpZ5ajdxQ,"[다시보기] 김문수, 국힘 대선 후보 등록…""반드시 당선돼 위대한 나라 만들 것""-5월 11일 (일) 풀영상 [이슈현장] / JTBC News",JTBC News,불쌍해서 김문수 응원했는데 이재명님께 대들면 용서 안한다!!!
kyrpZ5ajdxQ,"[다시보기] 김문수, 국힘 대선 후보 등록…""반드시 당선돼 위대한 나라 만들 것""-5월 11일 (일) 풀영상 [이슈현장] / JTBC News",JTBC News,"무슨 재주로 위대한 나라를 만들겠어
태극기랑 아스팔트로 만들래
그것 갖고 만들 수 있겠어"
kyrpZ5ajdxQ,"[다시보기] 김문수, 국힘 대선 후보 등록…""반드시 당선돼 위대한 나라 만들 것""-5월 11일 (일) 풀영상 [이슈현장] / JTBC News",JTBC News,위대하게 26% 나올것 같은 느낌... 이준석 8%
x_nEXHezUvc,"후보등록 마친 김문수,긴급입장문!김,지금 한덕수 전격회동-선대위원장 제안!!한덕수,적극협력의지 표명!신임 사무총장엔 4선 박대출의원!",전옥현 안보정론TV,"한덕수총리님
대단히 감사합니다
김후보님의
선대위원장 직을 고려해 보신다니
더욱 감사합니다 
항상 존경하고 신뢰해온 총리님
부디 국가와 국민을 위해
다시 한번 더
힘들 자리를 수락하여
주시길 간곡히 부탁드립니다 
50년 공직을 훌륭히
감당해 오신 총리님
끝까지 살신성인의 정신으로
애국하시는 모습을 국민들이
기억하고 역사의 중요한
총리님으로남으시길
기도합니다"
x_nEXHezUvc,"후보등록 마친 김문수,긴급입장문!김,지금 한덕수 전격회동-선대위원장 제안!!한덕수,적극협력의지 표명!신임 사무총장엔 4선 박대출의원!",전옥현 안보정론TV,권성동 자진탈당해야
x_nEXHezUvc,"후보등록 마친 김문수,긴급입장문!김,지금 한덕수 전격회동-선대위원장 제안!!한덕수,적극협력의지 표명!신임 사무총장엔 4선 박대출의원!",전옥현 안보정론TV,"대한민국 대통령님은  김문수입니다
김문수  홧팅!!!"
x_nEXHezUvc,"후보등록 마친 김문수,긴급입장문!김,지금 한덕수 전격회동-선대위원장 제안!!한덕수,적극협력의지 표명!신임 사무총장엔 4선 박대출의원!",전옥현 안보정론TV,"이제 뭉칩시다~~~김문수 후보님 욕은 본인이 먹고  이재명과 싸우겠다는 말 한마디 한마디가 나라를 위해 나오셨구나 감동이였습니다 범죄자 대통령은 나라 망신입니다 사전투표때문에 낙심하지 말고 사전투표수도 이길만큼 뭉치면 삽니다 트럼프도 그렇게 이겼습니다 뭉칩시다 자유대한민국을 지킵시다~
김문수 후보님 응원합니다~"
x_nEXHezUvc,"후보등록 마친 김문수,긴급입장문!김,지금 한덕수 전격회동-선대위원장 제안!!한덕수,적극협력의지 표명!신임 사무총장엔 4선 박대출의원!",전옥현 안보정론TV,사전투표 막지못하면  자유민주주의  는  영원히  누리지못한다
x_nEXHezUvc,"후보등록 마친 김문수,긴급입장문!김,지금 한덕수 전격회동-선대위원장 제안!!한덕수,적극협력의지 표명!신임 사무총장엔 4선 박대출의원!",전옥현 안보정론TV,이제는 우파 대동단결 빅텐트로 재명이 없애버립시다.
x_nEXHezUvc,"후보등록 마친 김문수,긴급입장문!김,지금 한덕수 전격회동-선대위원장 제안!!한덕수,적극협력의지 표명!신임 사무총장엔 4선 박대출의원!",전옥현 안보정론TV,"드뎌  박대출의원이~~~^^
도태우변호사를  비롯  원영섭변호사도  마찬가지  전격  기용하세요~~~
전사가  필요합니다~~~^^"
x_nEXHezUvc,"후보등록 마친 김문수,긴급입장문!김,지금 한덕수 전격회동-선대위원장 제안!!한덕수,적극협력의지 표명!신임 사무총장엔 4선 박대출의원!",전옥현 안보정론TV,이제 마지막 체제전쟁 최후의 결전이 시작되었다.  이전쟁의 최후승자는 대한민국 이어야만하고 승전신고는 김문수 후보가 해야만 한다.
x_nEXHezUvc,"후보등록 마친 김문수,긴급입장문!김,지금 한덕수 전격회동-선대위원장 제안!!한덕수,적극협력의지 표명!신임 사무총장엔 4선 박대출의원!",전옥현 안보정론TV,"한덕수 전 귄한대행님 역시 대한민국 최고의 관료직을
두루 지내신 분의 품위를 보여주고 있군요.
승리를 위해 적극 힘을
보태주십시오.
고맙습니다^^^"
x_nEXHezUvc,"후보등록 마친 김문수,긴급입장문!김,지금 한덕수 전격회동-선대위원장 제안!!한덕수,적극협력의지 표명!신임 사무총장엔 4선 박대출의원!",전옥현 안보정론TV,성남시민으로서 이재명같은 인물이 성남시장 이었다는게 챙피하다
x_nEXHezUvc,"후보등록 마친 김문수,긴급입장문!김,지금 한덕수 전격회동-선대위원장 제안!!한덕수,적극협력의지 표명!신임 사무총장엔 4선 박대출의원!",전옥현 안보정론TV,"모든건   다 잊자
이제는 김문수후보에게
모든 역량을  집중하자
국힘의    승리의
그날까지 
열심히 뜁시다"
x_nEXHezUvc,"후보등록 마친 김문수,긴급입장문!김,지금 한덕수 전격회동-선대위원장 제안!!한덕수,적극협력의지 표명!신임 사무총장엔 4선 박대출의원!",전옥현 안보정론TV,흑과 백의 전쟁이며 국가의 운명이 달린 전체주의냐 자유민주주의 전쟁이다.20~30을 필두로 총결집하여 나라를 지키고 바로세우자
x_nEXHezUvc,"후보등록 마친 김문수,긴급입장문!김,지금 한덕수 전격회동-선대위원장 제안!!한덕수,적극협력의지 표명!신임 사무총장엔 4선 박대출의원!",전옥현 안보정론TV,우파는 승리한다. 끝까지 단합해서 이재명을 잡아야 한다.
x_nEXHezUvc,"후보등록 마친 김문수,긴급입장문!김,지금 한덕수 전격회동-선대위원장 제안!!한덕수,적극협력의지 표명!신임 사무총장엔 4선 박대출의원!",전옥현 안보정론TV,"박수 박수 
후 후 후 후  다행 다행 김문수 화이핑 
꼭 꼭 대통령 되시길 
간절히바랍니다 ~
이재명 만큼은 꼭 꼭
이겨야됩니다~
국민여러분 나라를
살려야합니다~"
x_nEXHezUvc,"후보등록 마친 김문수,긴급입장문!김,지금 한덕수 전격회동-선대위원장 제안!!한덕수,적극협력의지 표명!신임 사무총장엔 4선 박대출의원!",전옥현 안보정론TV,김문수 김문수 김문수후보님 화이팅입니다 ~
x_nEXHezUvc,"후보등록 마친 김문수,긴급입장문!김,지금 한덕수 전격회동-선대위원장 제안!!한덕수,적극협력의지 표명!신임 사무총장엔 4선 박대출의원!",전옥현 안보정론TV,쌍권은  즉시 사퇴하라
x_nEXHezUvc,"후보등록 마친 김문수,긴급입장문!김,지금 한덕수 전격회동-선대위원장 제안!!한덕수,적극협력의지 표명!신임 사무총장엔 4선 박대출의원!",전옥현 안보정론TV,이젠 김문수로 뭉쳐야 합니다ㆍ윤대통령님을 잊어선 안됩니다ㅡ
x_nEXHezUvc,"후보등록 마친 김문수,긴급입장문!김,지금 한덕수 전격회동-선대위원장 제안!!한덕수,적극협력의지 표명!신임 사무총장엔 4선 박대출의원!",전옥현 안보정론TV,"어려운 시기에는 경험이 많은  청백리 
김문수 후보가  최선 입니다. ^^♡,"
x_nEXHezUvc,"후보등록 마친 김문수,긴급입장문!김,지금 한덕수 전격회동-선대위원장 제안!!한덕수,적극협력의지 표명!신임 사무총장엔 4선 박대출의원!",전옥현 안보정론TV,이재명잡을 사람은  청령하고 꼿꼿한 김문수후보입니다.가즈아 !
x_nEXHezUvc,"후보등록 마친 김문수,긴급입장문!김,지금 한덕수 전격회동-선대위원장 제안!!한덕수,적극협력의지 표명!신임 사무총장엔 4선 박대출의원!",전옥현 안보정론TV,자유민주주의 를 누리고 있는  국민들은 모두 한마음 한뜻으로 뭉쳐 압도적승리를 거둡시다
x_nEXHezUvc,"후보등록 마친 김문수,긴급입장문!김,지금 한덕수 전격회동-선대위원장 제안!!한덕수,적극협력의지 표명!신임 사무총장엔 4선 박대출의원!",전옥현 안보정론TV,김문수 대통령 후보 축하드려요 홧팅입니다 힘냅시다
x_nEXHezUvc,"후보등록 마친 김문수,긴급입장문!김,지금 한덕수 전격회동-선대위원장 제안!!한덕수,적극협력의지 표명!신임 사무총장엔 4선 박대출의원!",전옥현 안보정론TV,강력지지합니다   꼭  이재명을  이겨야합니다  한덕수님감사합니다  협조해주셔서
x_nEXHezUvc,"후보등록 마친 김문수,긴급입장문!김,지금 한덕수 전격회동-선대위원장 제안!!한덕수,적극협력의지 표명!신임 사무총장엔 4선 박대출의원!",전옥현 안보정론TV,김문수  공약 적극 지지합니다
x_nEXHezUvc,"후보등록 마친 김문수,긴급입장문!김,지금 한덕수 전격회동-선대위원장 제안!!한덕수,적극협력의지 표명!신임 사무총장엔 4선 박대출의원!",전옥현 안보정론TV,한총리님 김문수 후보 적극 도와 정권재창출바랍니다
x_nEXHezUvc,"후보등록 마친 김문수,긴급입장문!김,지금 한덕수 전격회동-선대위원장 제안!!한덕수,적극협력의지 표명!신임 사무총장엔 4선 박대출의원!",전옥현 안보정론TV,"권성동 빨리 사퇴시켜요, 저 인간 권모술수가 많아서 분명히 또 방해할겁니다"
x_nEXHezUvc,"후보등록 마친 김문수,긴급입장문!김,지금 한덕수 전격회동-선대위원장 제안!!한덕수,적극협력의지 표명!신임 사무총장엔 4선 박대출의원!",전옥현 안보정론TV,반민주세력 척결 자유대한 지키야
x_nEXHezUvc,"후보등록 마친 김문수,긴급입장문!김,지금 한덕수 전격회동-선대위원장 제안!!한덕수,적극협력의지 표명!신임 사무총장엔 4선 박대출의원!",전옥현 안보정론TV,"김문수후보님넘넘축하드럽니다얼마나맘고생하셨을까요~이제는앞으로나아갈일만
남았습니다승승장구하시길
바라고운수대통문수대통
하세요"
x_nEXHezUvc,"후보등록 마친 김문수,긴급입장문!김,지금 한덕수 전격회동-선대위원장 제안!!한덕수,적극협력의지 표명!신임 사무총장엔 4선 박대출의원!",전옥현 안보정론TV,"자유대한민국  만세!
김문수 대통령 만세!"
x_nEXHezUvc,"후보등록 마친 김문수,긴급입장문!김,지금 한덕수 전격회동-선대위원장 제안!!한덕수,적극협력의지 표명!신임 사무총장엔 4선 박대출의원!",전옥현 안보정론TV,"문수대통! 
반드시 됩니다.
─┼──── ˚─"
x_nEXHezUvc,"후보등록 마친 김문수,긴급입장문!김,지금 한덕수 전격회동-선대위원장 제안!!한덕수,적극협력의지 표명!신임 사무총장엔 4선 박대출의원!",전옥현 안보정론TV,김문수 후보님 무었인들  두렵겠습니까  지옥문턱까지  갔다  오셨는데요  분명승리하실거라믿습니다  홧팅입니다
x_nEXHezUvc,"후보등록 마친 김문수,긴급입장문!김,지금 한덕수 전격회동-선대위원장 제안!!한덕수,적극협력의지 표명!신임 사무총장엔 4선 박대출의원!",전옥현 안보정론TV,"2분 훌륭하십니다.
아름다운모습 감탄임다.2분 힘을합쳐 대한민국승리합시다"
x_nEXHezUvc,"후보등록 마친 김문수,긴급입장문!김,지금 한덕수 전격회동-선대위원장 제안!!한덕수,적극협력의지 표명!신임 사무총장엔 4선 박대출의원!",전옥현 안보정론TV,권성동 나가라
x_nEXHezUvc,"후보등록 마친 김문수,긴급입장문!김,지금 한덕수 전격회동-선대위원장 제안!!한덕수,적극협력의지 표명!신임 사무총장엔 4선 박대출의원!",전옥현 안보정론TV,양아치범죄자와대결  김문수 하이팅 출발
x_nEXHezUvc,"후보등록 마친 김문수,긴급입장문!김,지금 한덕수 전격회동-선대위원장 제안!!한덕수,적극협력의지 표명!신임 사무총장엔 4선 박대출의원!",전옥현 안보정론TV,김문수많이이길수있다이재명보내라
x_nEXHezUvc,"후보등록 마친 김문수,긴급입장문!김,지금 한덕수 전격회동-선대위원장 제안!!한덕수,적극협력의지 표명!신임 사무총장엔 4선 박대출의원!",전옥현 안보정론TV,와~~ 넘 훈훈하네요
x_nEXHezUvc,"후보등록 마친 김문수,긴급입장문!김,지금 한덕수 전격회동-선대위원장 제안!!한덕수,적극협력의지 표명!신임 사무총장엔 4선 박대출의원!",전옥현 안보정론TV,민심을 얻는 최고의 전략은 포용이다
x_nEXHezUvc,"후보등록 마친 김문수,긴급입장문!김,지금 한덕수 전격회동-선대위원장 제안!!한덕수,적극협력의지 표명!신임 사무총장엔 4선 박대출의원!",전옥현 안보정론TV,김문수 후보님단디 하셔서 승리합시다 그것많이 재집권승리입니다
x_nEXHezUvc,"후보등록 마친 김문수,긴급입장문!김,지금 한덕수 전격회동-선대위원장 제안!!한덕수,적극협력의지 표명!신임 사무총장엔 4선 박대출의원!",전옥현 안보정론TV,얍삽이와 청렴이의 대결로 되었구나!
x_nEXHezUvc,"후보등록 마친 김문수,긴급입장문!김,지금 한덕수 전격회동-선대위원장 제안!!한덕수,적극협력의지 표명!신임 사무총장엔 4선 박대출의원!",전옥현 안보정론TV,김문수지지합니다 쌍권사퇴해라
x_nEXHezUvc,"후보등록 마친 김문수,긴급입장문!김,지금 한덕수 전격회동-선대위원장 제안!!한덕수,적극협력의지 표명!신임 사무총장엔 4선 박대출의원!",전옥현 안보정론TV,"한뚜껑~~ㅍㅎㅎ 한덕수가  친윤?  웃겨요
박대출이야말로  친윤이다
권성동제거!!!"
x_nEXHezUvc,"후보등록 마친 김문수,긴급입장문!김,지금 한덕수 전격회동-선대위원장 제안!!한덕수,적극협력의지 표명!신임 사무총장엔 4선 박대출의원!",전옥현 안보정론TV,김문수 한덕수 화이팅 사랑합니다
x_nEXHezUvc,"후보등록 마친 김문수,긴급입장문!김,지금 한덕수 전격회동-선대위원장 제안!!한덕수,적극협력의지 표명!신임 사무총장엔 4선 박대출의원!",전옥현 안보정론TV,"김문수후보 만세 이제명 잡는데는 이제명의 최대약점 친형과 형수욕설를 적극 활용하고
동네 골목골목 차량으로 이동방송으로 사전투표 절대하지말라고 매일매일 해야 우파가 이긴다"
x_nEXHezUvc,"후보등록 마친 김문수,긴급입장문!김,지금 한덕수 전격회동-선대위원장 제안!!한덕수,적극협력의지 표명!신임 사무총장엔 4선 박대출의원!",전옥현 안보정론TV,권대표도 교체 되어야 되는데  탄핵의 앞잡이라는데 나도 그렇게 생각 하고있어요.
x_nEXHezUvc,"후보등록 마친 김문수,긴급입장문!김,지금 한덕수 전격회동-선대위원장 제안!!한덕수,적극협력의지 표명!신임 사무총장엔 4선 박대출의원!",전옥현 안보정론TV,이제부터는 당일투표 !!!!!
x_nEXHezUvc,"후보등록 마친 김문수,긴급입장문!김,지금 한덕수 전격회동-선대위원장 제안!!한덕수,적극협력의지 표명!신임 사무총장엔 4선 박대출의원!",전옥현 안보정론TV,대선승리를 기원합니다.
x_nEXHezUvc,"후보등록 마친 김문수,긴급입장문!김,지금 한덕수 전격회동-선대위원장 제안!!한덕수,적극협력의지 표명!신임 사무총장엔 4선 박대출의원!",전옥현 안보정론TV,꼭 대통령 되길 기원합니다
x_nEXHezUvc,"후보등록 마친 김문수,긴급입장문!김,지금 한덕수 전격회동-선대위원장 제안!!한덕수,적극협력의지 표명!신임 사무총장엔 4선 박대출의원!",전옥현 안보정론TV,반가운소식에 박수박수박수
x_nEXHezUvc,"후보등록 마친 김문수,긴급입장문!김,지금 한덕수 전격회동-선대위원장 제안!!한덕수,적극협력의지 표명!신임 사무총장엔 4선 박대출의원!",전옥현 안보정론TV,"김문수  지지합니다, 다만 한덕수는 믿지는 마시고  인사치례로 선대위윈장 맡기는건 좋지만 실제  위원장은  능력있고 충성파로 앉히세요"
x_nEXHezUvc,"후보등록 마친 김문수,긴급입장문!김,지금 한덕수 전격회동-선대위원장 제안!!한덕수,적극협력의지 표명!신임 사무총장엔 4선 박대출의원!",전옥현 안보정론TV,"근데 권영세보다도 권성동이 나가야하는데 ㆍ이번에 사퇴시킬 기회가 왔는데 대체 이인간은 왜  또 안나가죠?
솔직히 권영세보다 권성동이 더 나쁜 인간 같은데 ᆢ"
x_nEXHezUvc,"후보등록 마친 김문수,긴급입장문!김,지금 한덕수 전격회동-선대위원장 제안!!한덕수,적극협력의지 표명!신임 사무총장엔 4선 박대출의원!",전옥현 안보정론TV,"한덕수 대행님은 역시 대인배  입니다.
한대행님과 공동정부 소망합니다."
x_nEXHezUvc,"후보등록 마친 김문수,긴급입장문!김,지금 한덕수 전격회동-선대위원장 제안!!한덕수,적극협력의지 표명!신임 사무총장엔 4선 박대출의원!",전옥현 안보정론TV,"김문수 대통령 가즈아! 최고의 지도자 김문수 후보님 항상 간신들을 잘 가리셔야 합니다!
검증된 사람! 확실한 사람! 충성심이 있는 사람만을 옆에 두세요!"
x_nEXHezUvc,"후보등록 마친 김문수,긴급입장문!김,지금 한덕수 전격회동-선대위원장 제안!!한덕수,적극협력의지 표명!신임 사무총장엔 4선 박대출의원!",전옥현 안보정론TV,김문수대통련
x_nEXHezUvc,"후보등록 마친 김문수,긴급입장문!김,지금 한덕수 전격회동-선대위원장 제안!!한덕수,적극협력의지 표명!신임 사무총장엔 4선 박대출의원!",전옥현 안보정론TV,김문수대통령미리축하합니다.꼭당선되실겁니다.
x_nEXHezUvc,"후보등록 마친 김문수,긴급입장문!김,지금 한덕수 전격회동-선대위원장 제안!!한덕수,적극협력의지 표명!신임 사무총장엔 4선 박대출의원!",전옥현 안보정론TV,권 성동 사퇴하라 당을 떠나라
x_nEXHezUvc,"후보등록 마친 김문수,긴급입장문!김,지금 한덕수 전격회동-선대위원장 제안!!한덕수,적극협력의지 표명!신임 사무총장엔 4선 박대출의원!",전옥현 안보정론TV,김문수핫팅 !
x_nEXHezUvc,"후보등록 마친 김문수,긴급입장문!김,지금 한덕수 전격회동-선대위원장 제안!!한덕수,적극협력의지 표명!신임 사무총장엔 4선 박대출의원!",전옥현 안보정론TV,위기의 이 나라를 꼭! 구하실걸로 믿습니다. 이미 하늘은 당신의 편 입니다. 지금 이순간을 위해... 혹독한 훈련과 고난과 시련이 있었던 겁니다. 준비된 당신 ....당신만이 위기의 대한민국을 다시 보란듯이 온 세상에서 가장 강력한 나라로 우뚝 세워 주실줄 믿습니다. 매 순간순간 기도합니다. 회이팅!
x_nEXHezUvc,"후보등록 마친 김문수,긴급입장문!김,지금 한덕수 전격회동-선대위원장 제안!!한덕수,적극협력의지 표명!신임 사무총장엔 4선 박대출의원!",전옥현 안보정론TV,사무총장 박대출은 잘 선임한것 같다
x_nEXHezUvc,"후보등록 마친 김문수,긴급입장문!김,지금 한덕수 전격회동-선대위원장 제안!!한덕수,적극협력의지 표명!신임 사무총장엔 4선 박대출의원!",전옥현 안보정론TV,"권성동ㆍ권영세는 똑바로해라 국힘서나가라 도움이안된다 리죄명을 이기기위해서는 김문수로가야 됩니다 

한가발은 정치권을떠나라 
아웃"
x_nEXHezUvc,"후보등록 마친 김문수,긴급입장문!김,지금 한덕수 전격회동-선대위원장 제안!!한덕수,적극협력의지 표명!신임 사무총장엔 4선 박대출의원!",전옥현 안보정론TV,김문수 후보님 통이 정말 크시네요. 한밤 쿠데타를 하루만에 싹 정리하고 한덕수를 포용하고 높여주는 겸손함에 존경을 표하며 감사합니다!!!
x_nEXHezUvc,"후보등록 마친 김문수,긴급입장문!김,지금 한덕수 전격회동-선대위원장 제안!!한덕수,적극협력의지 표명!신임 사무총장엔 4선 박대출의원!",전옥현 안보정론TV,"참 다행입니다!
 우리 모두  힘 합칩시다!"
x_nEXHezUvc,"후보등록 마친 김문수,긴급입장문!김,지금 한덕수 전격회동-선대위원장 제안!!한덕수,적극협력의지 표명!신임 사무총장엔 4선 박대출의원!",전옥현 안보정론TV,제발 잘 되기를
x_nEXHezUvc,"후보등록 마친 김문수,긴급입장문!김,지금 한덕수 전격회동-선대위원장 제안!!한덕수,적극협력의지 표명!신임 사무총장엔 4선 박대출의원!",전옥현 안보정론TV,김문수 후보님 으로 다함께 갑시다
x_nEXHezUvc,"후보등록 마친 김문수,긴급입장문!김,지금 한덕수 전격회동-선대위원장 제안!!한덕수,적극협력의지 표명!신임 사무총장엔 4선 박대출의원!",전옥현 안보정론TV,한덕수총리님 대인이십니다 감사 감사 고맙습니다
x_nEXHezUvc,"후보등록 마친 김문수,긴급입장문!김,지금 한덕수 전격회동-선대위원장 제안!!한덕수,적극협력의지 표명!신임 사무총장엔 4선 박대출의원!",전옥현 안보정론TV,맞습니다 100프로공감입니다
x_nEXHezUvc,"후보등록 마친 김문수,긴급입장문!김,지금 한덕수 전격회동-선대위원장 제안!!한덕수,적극협력의지 표명!신임 사무총장엔 4선 박대출의원!",전옥현 안보정론TV,김문수가 이시대가 필요한 대통령감이다. 김문수 의원같은 사람 없습니다. 청렴하고 전투력 추진력 실행력 단언 압도적. 진심을 담아 일하는 분. 영혼이 맑은 분! 인격적으로 업무력으로 격하게 지지합니다.
x_nEXHezUvc,"후보등록 마친 김문수,긴급입장문!김,지금 한덕수 전격회동-선대위원장 제안!!한덕수,적극협력의지 표명!신임 사무총장엔 4선 박대출의원!",전옥현 안보정론TV,"전옥현대표님도 다시 원상복귀 하셨나요ㅎ 힘 가진자들의 논리보다 법과 원칙에 근거한 정도의 방송 해주시길 바라겠습니다 . 그리고 정의로운 법리해석과 원칙을 바탕으로 신뢰와 소신을 굽히지 않는 최진녕변호사님께 다시금 존경심을 표합니다 ~ 
 ~"
x_nEXHezUvc,"후보등록 마친 김문수,긴급입장문!김,지금 한덕수 전격회동-선대위원장 제안!!한덕수,적극협력의지 표명!신임 사무총장엔 4선 박대출의원!",전옥현 안보정론TV,대통령은 하늘이 내립니다.
x_nEXHezUvc,"후보등록 마친 김문수,긴급입장문!김,지금 한덕수 전격회동-선대위원장 제안!!한덕수,적극협력의지 표명!신임 사무총장엔 4선 박대출의원!",전옥현 안보정론TV,훌륭하신 판단 응원 합니다 한덕수 후보님 부탁 드립니다
x_nEXHezUvc,"후보등록 마친 김문수,긴급입장문!김,지금 한덕수 전격회동-선대위원장 제안!!한덕수,적극협력의지 표명!신임 사무총장엔 4선 박대출의원!",전옥현 안보정론TV,이제  맑은샘물 대  썩은저수물과의  대결이시작되었습니다  우리는맑은샘물을 마시며살아갑시다
x_nEXHezUvc,"후보등록 마친 김문수,긴급입장문!김,지금 한덕수 전격회동-선대위원장 제안!!한덕수,적극협력의지 표명!신임 사무총장엔 4선 박대출의원!",전옥현 안보정론TV,똘똘 뭉쳐 압도적 승리 합시다
x_nEXHezUvc,"후보등록 마친 김문수,긴급입장문!김,지금 한덕수 전격회동-선대위원장 제안!!한덕수,적극협력의지 표명!신임 사무총장엔 4선 박대출의원!",전옥현 안보정론TV,이제 똘똘뭉처야1%승리가있다
x_nEXHezUvc,"후보등록 마친 김문수,긴급입장문!김,지금 한덕수 전격회동-선대위원장 제안!!한덕수,적극협력의지 표명!신임 사무총장엔 4선 박대출의원!",전옥현 안보정론TV,권성동 사퇴하세요.
x_nEXHezUvc,"후보등록 마친 김문수,긴급입장문!김,지금 한덕수 전격회동-선대위원장 제안!!한덕수,적극협력의지 표명!신임 사무총장엔 4선 박대출의원!",전옥현 안보정론TV,"김문수 핫팅 우리가족도
지인도 적극 지지할것입
니다.~^^
어찌 잡범 양아치에게 나라를
맡기게 습니까."
x_nEXHezUvc,"후보등록 마친 김문수,긴급입장문!김,지금 한덕수 전격회동-선대위원장 제안!!한덕수,적극협력의지 표명!신임 사무총장엔 4선 박대출의원!",전옥현 안보정론TV,"권성동빨리정리하세요
또 망칠것같아요"
x_nEXHezUvc,"후보등록 마친 김문수,긴급입장문!김,지금 한덕수 전격회동-선대위원장 제안!!한덕수,적극협력의지 표명!신임 사무총장엔 4선 박대출의원!",전옥현 안보정론TV,"만세 만만세 감히~
쌍권 물러나는것이
아니라 출당시켜야
합니다 기회주의자
같으니 쏙이 시원하다"
x_nEXHezUvc,"후보등록 마친 김문수,긴급입장문!김,지금 한덕수 전격회동-선대위원장 제안!!한덕수,적극협력의지 표명!신임 사무총장엔 4선 박대출의원!",전옥현 안보정론TV,"김문수 
전과 4범 이재명 
잡을 전투력"
x_nEXHezUvc,"후보등록 마친 김문수,긴급입장문!김,지금 한덕수 전격회동-선대위원장 제안!!한덕수,적극협력의지 표명!신임 사무총장엔 4선 박대출의원!",전옥현 안보정론TV,"전옥현안보TB말씀
맞습니다건강도챙기세요"
x_nEXHezUvc,"후보등록 마친 김문수,긴급입장문!김,지금 한덕수 전격회동-선대위원장 제안!!한덕수,적극협력의지 표명!신임 사무총장엔 4선 박대출의원!",전옥현 안보정론TV,맛읍니다 무조건 이기고 봐야하는거임니다 무조건 김문수후보 당선이 목적임니다
x_nEXHezUvc,"후보등록 마친 김문수,긴급입장문!김,지금 한덕수 전격회동-선대위원장 제안!!한덕수,적극협력의지 표명!신임 사무총장엔 4선 박대출의원!",전옥현 안보정론TV,권성동퇴출
x_nEXHezUvc,"후보등록 마친 김문수,긴급입장문!김,지금 한덕수 전격회동-선대위원장 제안!!한덕수,적극협력의지 표명!신임 사무총장엔 4선 박대출의원!",전옥현 안보정론TV,권성동끝났네
x_nEXHezUvc,"후보등록 마친 김문수,긴급입장문!김,지금 한덕수 전격회동-선대위원장 제안!!한덕수,적극협력의지 표명!신임 사무총장엔 4선 박대출의원!",전옥현 안보정론TV,아주 좋은현상
x_nEXHezUvc,"후보등록 마친 김문수,긴급입장문!김,지금 한덕수 전격회동-선대위원장 제안!!한덕수,적극협력의지 표명!신임 사무총장엔 4선 박대출의원!",전옥현 안보정론TV,수락안한 한덕수
x_nEXHezUvc,"후보등록 마친 김문수,긴급입장문!김,지금 한덕수 전격회동-선대위원장 제안!!한덕수,적극협력의지 표명!신임 사무총장엔 4선 박대출의원!",전옥현 안보정론TV,한덕수후보의 현명한 판단에 감사드립니다 김문수후보를 위해 우리모두 최선을 다하여야 합니다 윤석열의 뜻을 살리기위하여~
x_nEXHezUvc,"후보등록 마친 김문수,긴급입장문!김,지금 한덕수 전격회동-선대위원장 제안!!한덕수,적극협력의지 표명!신임 사무총장엔 4선 박대출의원!",전옥현 안보정론TV,"한득수총리님
보기가아주조아요"
x_nEXHezUvc,"후보등록 마친 김문수,긴급입장문!김,지금 한덕수 전격회동-선대위원장 제안!!한덕수,적극협력의지 표명!신임 사무총장엔 4선 박대출의원!",전옥현 안보정론TV,"전화위복이 될겁
니다 유튜브님들도 한목소리  내주셔야합니다
김문수후보님으로 뭉쳐야 합니다"
x_nEXHezUvc,"후보등록 마친 김문수,긴급입장문!김,지금 한덕수 전격회동-선대위원장 제안!!한덕수,적극협력의지 표명!신임 사무총장엔 4선 박대출의원!",전옥현 안보정론TV,그래도ㆍ권성동ㆍ은ㆍ양심이ㆍ쫌ㆍ이라도ㆍ있으면 ㆍ니ㆍ스스로ㆍ나가라
x_nEXHezUvc,"후보등록 마친 김문수,긴급입장문!김,지금 한덕수 전격회동-선대위원장 제안!!한덕수,적극협력의지 표명!신임 사무총장엔 4선 박대출의원!",전옥현 안보정론TV,"자유민주=천사  
공산독재=필망"
x_nEXHezUvc,"후보등록 마친 김문수,긴급입장문!김,지금 한덕수 전격회동-선대위원장 제안!!한덕수,적극협력의지 표명!신임 사무총장엔 4선 박대출의원!",전옥현 안보정론TV,승리했어요
x_nEXHezUvc,"후보등록 마친 김문수,긴급입장문!김,지금 한덕수 전격회동-선대위원장 제안!!한덕수,적극협력의지 표명!신임 사무총장엔 4선 박대출의원!",전옥현 안보정론TV,"한덕수의 협력에감사, 마이 되와주세요"
x_nEXHezUvc,"후보등록 마친 김문수,긴급입장문!김,지금 한덕수 전격회동-선대위원장 제안!!한덕수,적극협력의지 표명!신임 사무총장엔 4선 박대출의원!",전옥현 안보정론TV,"상대편 절대 이제부터 욕하시면 안됩니다. 한덕수 칭찬해 주세요
홍준표도  칭찬 안철수도 칭찬"
x_nEXHezUvc,"후보등록 마친 김문수,긴급입장문!김,지금 한덕수 전격회동-선대위원장 제안!!한덕수,적극협력의지 표명!신임 사무총장엔 4선 박대출의원!",전옥현 안보정론TV,"권선동이는 왜 사퇴를 안하나요 
참 뻔뻖한 인간이죠"
x_nEXHezUvc,"후보등록 마친 김문수,긴급입장문!김,지금 한덕수 전격회동-선대위원장 제안!!한덕수,적극협력의지 표명!신임 사무총장엔 4선 박대출의원!",전옥현 안보정론TV,🥹
x_nEXHezUvc,"후보등록 마친 김문수,긴급입장문!김,지금 한덕수 전격회동-선대위원장 제안!!한덕수,적극협력의지 표명!신임 사무총장엔 4선 박대출의원!",전옥현 안보정론TV,권성동 양심이있으면  자발적으로  사퇴하라
x_nEXHezUvc,"후보등록 마친 김문수,긴급입장문!김,지금 한덕수 전격회동-선대위원장 제안!!한덕수,적극협력의지 표명!신임 사무총장엔 4선 박대출의원!",전옥현 안보정론TV,한덕수 책임총리로 내정하면 좋을듯
x_nEXHezUvc,"후보등록 마친 김문수,긴급입장문!김,지금 한덕수 전격회동-선대위원장 제안!!한덕수,적극협력의지 표명!신임 사무총장엔 4선 박대출의원!",전옥현 안보정론TV,"쌍권때문에 일어난 일,
권성동은 왜안나가는거얌?"
x_nEXHezUvc,"후보등록 마친 김문수,긴급입장문!김,지금 한덕수 전격회동-선대위원장 제안!!한덕수,적극협력의지 표명!신임 사무총장엔 4선 박대출의원!",전옥현 안보정론TV,수고하십니다.
x_nEXHezUvc,"후보등록 마친 김문수,긴급입장문!김,지금 한덕수 전격회동-선대위원장 제안!!한덕수,적극협력의지 표명!신임 사무총장엔 4선 박대출의원!",전옥현 안보정론TV,"공무서위조조사받았되는데
법은시궁창에있구나"
x_nEXHezUvc,"후보등록 마친 김문수,긴급입장문!김,지금 한덕수 전격회동-선대위원장 제안!!한덕수,적극협력의지 표명!신임 사무총장엔 4선 박대출의원!",전옥현 안보정론TV,좌파공산주의시대이재명 영산군시대로돌아가나 우파국민 자유을 영웅하는국민은 똘똘뭉치서김문수 후보님지지합니다
x_nEXHezUvc,"후보등록 마친 김문수,긴급입장문!김,지금 한덕수 전격회동-선대위원장 제안!!한덕수,적극협력의지 표명!신임 사무총장엔 4선 박대출의원!",전옥현 안보정론TV,원상복귀가 잘되갈지는 봐야겠지 한덕수 화이팅
x_nEXHezUvc,"후보등록 마친 김문수,긴급입장문!김,지금 한덕수 전격회동-선대위원장 제안!!한덕수,적극협력의지 표명!신임 사무총장엔 4선 박대출의원!",전옥현 안보정론TV,제2의 박정희대통령이 되어주십시오 그러나부정선거를 어떻게 막을지 그것이 당락을 좌우합니다
wwWKsRULcJw,"김문수, 후보 등록하고 한덕수와 포옹…이재명, 마지막 경청투어  / 연합뉴스TV (YonhapnewsTV)",연합뉴스TV,"끝까지 갑시다 
두분에 좋은모습으로 해피엔딩 되엇내요
쌍권이 문제였을뿐 갑시다 대선승리까지요"
wwWKsRULcJw,"김문수, 후보 등록하고 한덕수와 포옹…이재명, 마지막 경청투어  / 연합뉴스TV (YonhapnewsTV)",연합뉴스TV,"대한민국을 사랑하는 애국시민
여러분의 후손을 생각하시고  나라를 생각해서 청백리요  적을알고 나를아는 영웅 김문수님을 도와
살기좋은 진정한
민주주의 나라를만듭시다,"
wwWKsRULcJw,"김문수, 후보 등록하고 한덕수와 포옹…이재명, 마지막 경청투어  / 연합뉴스TV (YonhapnewsTV)",연합뉴스TV,"김문수 대통령님 당선 되시면 어깨가 무겁겠습니다 곳곳에 부폐된곳 특히 선관위 사법부 공수처. 대청소 해 주시리라 믿습니다,대동단결!!  필승!!!"
wwWKsRULcJw,"김문수, 후보 등록하고 한덕수와 포옹…이재명, 마지막 경청투어  / 연합뉴스TV (YonhapnewsTV)",연합뉴스TV,"이런분은 100년에 한명 나올까? 아주 귀하신 분이네요
이런분 덕분에 이제 자유 대한민국을 지킬수있게 되었습니다~~~
대통령 김문수~~~국민이 함께 하겠습니다"
wwWKsRULcJw,"김문수, 후보 등록하고 한덕수와 포옹…이재명, 마지막 경청투어  / 연합뉴스TV (YonhapnewsTV)",연합뉴스TV,"김문수대통령!!나라살리십시요 ?**국회개혁, 총선개혁, 위헌민주당해산, 이재명구속 ,"
wwWKsRULcJw,"김문수, 후보 등록하고 한덕수와 포옹…이재명, 마지막 경청투어  / 연합뉴스TV (YonhapnewsTV)",연합뉴스TV,한덕수는 대인배이다.
wwWKsRULcJw,"김문수, 후보 등록하고 한덕수와 포옹…이재명, 마지막 경청투어  / 연합뉴스TV (YonhapnewsTV)",연합뉴스TV,김문수후보 지지합니다
wwWKsRULcJw,"김문수, 후보 등록하고 한덕수와 포옹…이재명, 마지막 경청투어  / 연합뉴스TV (YonhapnewsTV)",연합뉴스TV,"저 구역질나는 범죄집단...
결국 내란이든 쿠테타든 범죄자들 이여도 다시 기득권들끼리 손 잡고 같이 영원히 해먹자가 결론이구나?"
wwWKsRULcJw,"김문수, 후보 등록하고 한덕수와 포옹…이재명, 마지막 경청투어  / 연합뉴스TV (YonhapnewsTV)",연합뉴스TV,문수로 모이자!!!
wwWKsRULcJw,"김문수, 후보 등록하고 한덕수와 포옹…이재명, 마지막 경청투어  / 연합뉴스TV (YonhapnewsTV)",연합뉴스TV,국힘이 순진한 70대 노인 꼬드겨 1만원을 갈취한 사건
wwWKsRULcJw,"김문수, 후보 등록하고 한덕수와 포옹…이재명, 마지막 경청투어  / 연합뉴스TV (YonhapnewsTV)",연합뉴스TV,"선거보보금 없애라
나랏돈 아끼시라
양당 부자다"
wwWKsRULcJw,"김문수, 후보 등록하고 한덕수와 포옹…이재명, 마지막 경청투어  / 연합뉴스TV (YonhapnewsTV)",연합뉴스TV,"대한국민으로서 국민통합 민생
안정에 진심인 민주당의 후보에
게 1표를 행사할수 밖에 없다!
반드시 투표해서 안정과 발전의
나라로 만들어야 한다!"
wwWKsRULcJw,"김문수, 후보 등록하고 한덕수와 포옹…이재명, 마지막 경청투어  / 연합뉴스TV (YonhapnewsTV)",연합뉴스TV,추하다 ㅠㅠㅠ이미 국민들은 국힘 떠났다 ㅠㅠㅠ
tR2gKzmm624,2025년 5월 11일   김문수 국민의힘 대통령후보 기호2번 등록  #김문수 #국민의힘  #shorts,또박tv,"나이가 ㅋㅋㅋ75세?  국회의원도 나이 65세이상 금지 법안 만들어야된다.
오락가락 할나이 아닌가.ㅡ.ㅡ;;"
TQW78ZV7Uo0,"[뉴스초점] 김문수, 국힘 대선 후보 등록…이재명, 경청투어 마무리 / 연합뉴스TV (YonhapnewsTV)",연합뉴스TV,김문수  후보의 살아온 삶이  시대의 영웅 으로  우뜩설것이다
TQW78ZV7Uo0,"[뉴스초점] 김문수, 국힘 대선 후보 등록…이재명, 경청투어 마무리 / 연합뉴스TV (YonhapnewsTV)",연합뉴스TV,권성동 원내대표  즉시사태하라
TQW78ZV7Uo0,"[뉴스초점] 김문수, 국힘 대선 후보 등록…이재명, 경청투어 마무리 / 연합뉴스TV (YonhapnewsTV)",연합뉴스TV,김문수후보  승리  승리  대선  확신합니다
TQW78ZV7Uo0,"[뉴스초점] 김문수, 국힘 대선 후보 등록…이재명, 경청투어 마무리 / 연합뉴스TV (YonhapnewsTV)",연합뉴스TV,여긴 그래도 평론가들이 정상이네
TQW78ZV7Uo0,"[뉴스초점] 김문수, 국힘 대선 후보 등록…이재명, 경청투어 마무리 / 연합뉴스TV (YonhapnewsTV)",연합뉴스TV,"패널 둘다 멍멍이 소리만
두 권씨가 친윤 이라는 소리는 처음 듣네
더군다나 김문수는 친윤쪽에 가까운데
어땋하든 분석을 드럽게 하고 싶은듯"
TQW78ZV7Uo0,"[뉴스초점] 김문수, 국힘 대선 후보 등록…이재명, 경청투어 마무리 / 연합뉴스TV (YonhapnewsTV)",연합뉴스TV,쌍권은 책임지고 사퇴하세요
TQW78ZV7Uo0,"[뉴스초점] 김문수, 국힘 대선 후보 등록…이재명, 경청투어 마무리 / 연합뉴스TV (YonhapnewsTV)",연합뉴스TV,김문수후보 빛나는  대한민국 대선  승리  확인합니다
TQW78ZV7Uo0,"[뉴스초점] 김문수, 국힘 대선 후보 등록…이재명, 경청투어 마무리 / 연합뉴스TV (YonhapnewsTV)",연합뉴스TV,권성동  빨리  사퇴하라?????뭘 얼쩡거리나~
TQW78ZV7Uo0,"[뉴스초점] 김문수, 국힘 대선 후보 등록…이재명, 경청투어 마무리 / 연합뉴스TV (YonhapnewsTV)",연합뉴스TV,군 장군 여러분 계속 쿠데타 하세요. 벌도 안 받고  한덕수 김문수가 지원할 겁니다
TQW78ZV7Uo0,"[뉴스초점] 김문수, 국힘 대선 후보 등록…이재명, 경청투어 마무리 / 연합뉴스TV (YonhapnewsTV)",연합뉴스TV,밝은 대한민국 미래가 떠 오름니다 김문수후보  대선 승리  확신합니다
TQW78ZV7Uo0,"[뉴스초점] 김문수, 국힘 대선 후보 등록…이재명, 경청투어 마무리 / 연합뉴스TV (YonhapnewsTV)",연합뉴스TV,당연하다.권성동은 즉각사퇴하여 더이상 불란을 만들지말아야한다. 또한 법적책임도 물어야한다!
TQW78ZV7Uo0,"[뉴스초점] 김문수, 국힘 대선 후보 등록…이재명, 경청투어 마무리 / 연합뉴스TV (YonhapnewsTV)",연합뉴스TV,이재명 이제 끝났다. 문수는 다르다.
TQW78ZV7Uo0,"[뉴스초점] 김문수, 국힘 대선 후보 등록…이재명, 경청투어 마무리 / 연합뉴스TV (YonhapnewsTV)",연합뉴스TV,김문수 대통령 화이팅입니다!
TQW78ZV7Uo0,"[뉴스초점] 김문수, 국힘 대선 후보 등록…이재명, 경청투어 마무리 / 연합뉴스TV (YonhapnewsTV)",연합뉴스TV,"당 내규에 의해 상당한 이유가 있다고 김문수의 후보직을 박탈 한 거고, 그래서 빈 후보직에 한덕수만을 대상으로 전 당원 찬반 투표를 한 것 아님? 
반대가 많다면 국힘은 다시 합법적 후보 선출 과정을 거쳐야만 한다."
TQW78ZV7Uo0,"[뉴스초점] 김문수, 국힘 대선 후보 등록…이재명, 경청투어 마무리 / 연합뉴스TV (YonhapnewsTV)",연합뉴스TV,권성지키고있음푸표안한다
TQW78ZV7Uo0,"[뉴스초점] 김문수, 국힘 대선 후보 등록…이재명, 경청투어 마무리 / 연합뉴스TV (YonhapnewsTV)",연합뉴스TV,"투사 김문수 에게 불가능은 없다ᆢ
적극지지 합니다ᆢ"
TQW78ZV7Uo0,"[뉴스초점] 김문수, 국힘 대선 후보 등록…이재명, 경청투어 마무리 / 연합뉴스TV (YonhapnewsTV)",연합뉴스TV,선대위원장에  한동훈  추대해라...시너지효과 크다
TQW78ZV7Uo0,"[뉴스초점] 김문수, 국힘 대선 후보 등록…이재명, 경청투어 마무리 / 연합뉴스TV (YonhapnewsTV)",연합뉴스TV,"이싯점여서 이,평론가는 어떻게는평하는지  한번봅시다이,평론가는그동안윤가빨기에 올인하였고 이재명,비판에 앞장섰다"
TQW78ZV7Uo0,"[뉴스초점] 김문수, 국힘 대선 후보 등록…이재명, 경청투어 마무리 / 연합뉴스TV (YonhapnewsTV)",연합뉴스TV,가지가지입니다
TQW78ZV7Uo0,"[뉴스초점] 김문수, 국힘 대선 후보 등록…이재명, 경청투어 마무리 / 연합뉴스TV (YonhapnewsTV)",연합뉴스TV,대통령은 김문수 입니다!
TQW78ZV7Uo0,"[뉴스초점] 김문수, 국힘 대선 후보 등록…이재명, 경청투어 마무리 / 연합뉴스TV (YonhapnewsTV)",연합뉴스TV,귄성동 아직 사퇴안했나부네....
TQW78ZV7Uo0,"[뉴스초점] 김문수, 국힘 대선 후보 등록…이재명, 경청투어 마무리 / 연합뉴스TV (YonhapnewsTV)",연합뉴스TV,끝났네
TQW78ZV7Uo0,"[뉴스초점] 김문수, 국힘 대선 후보 등록…이재명, 경청투어 마무리 / 연합뉴스TV (YonhapnewsTV)",연합뉴스TV,이재명 을 은근히. 까고있네
TQW78ZV7Uo0,"[뉴스초점] 김문수, 국힘 대선 후보 등록…이재명, 경청투어 마무리 / 연합뉴스TV (YonhapnewsTV)",연합뉴스TV,재명인
TQW78ZV7Uo0,"[뉴스초점] 김문수, 국힘 대선 후보 등록…이재명, 경청투어 마무리 / 연합뉴스TV (YonhapnewsTV)",연합뉴스TV,이재명 및에  민주  자식들. 신듯. 다 같은 인물
TQW78ZV7Uo0,"[뉴스초점] 김문수, 국힘 대선 후보 등록…이재명, 경청투어 마무리 / 연합뉴스TV (YonhapnewsTV)",연합뉴스TV,여기는 둘다 좌파쪽인데..출연자를  꼭 좌파만 모셔오네
TQW78ZV7Uo0,"[뉴스초점] 김문수, 국힘 대선 후보 등록…이재명, 경청투어 마무리 / 연합뉴스TV (YonhapnewsTV)",연합뉴스TV,윤어게인=김문수
TQW78ZV7Uo0,"[뉴스초점] 김문수, 국힘 대선 후보 등록…이재명, 경청투어 마무리 / 연합뉴스TV (YonhapnewsTV)",연합뉴스TV,"국민힘내란당 이번선거에는 20프로 나오면 잘나온다 국민힘내란당 내부 지지하지마세요,정말로 정신못차리고있다,
국민힘내란당 , 파산절차발버라,특검하고
수사하고"
TQW78ZV7Uo0,"[뉴스초점] 김문수, 국힘 대선 후보 등록…이재명, 경청투어 마무리 / 연합뉴스TV (YonhapnewsTV)",연합뉴스TV,군 장군 여러분 계속 쿠데타 하세요. 벌도 안 받고  한덕수 김문수가 지원할 겁니다
bCymmqiP1j0,한국 최초(?) 새벽 3시 20분 입당,TBC뉴스,국힘이 순진한 70대 노인 꼬드겨 1만원을 갈취한 사건
bCymmqiP1j0,한국 최초(?) 새벽 3시 20분 입당,TBC뉴스,"조태경 너는 별로 보고싶지않다
나대지말길"
bCymmqiP1j0,한국 최초(?) 새벽 3시 20분 입당,TBC뉴스,경태야 넘어가라
bCymmqiP1j0,한국 최초(?) 새벽 3시 20분 입당,TBC뉴스,아직 탈당 안했네
3jL5Z-B2Jms,[김문수] 후보 등록 생중계,윤어갠,"김문수 후보를 응원합니다 
늦게 출발한 만큼 한발 더
뛰시고 국민들도 뭉쳐서
자유 대한민국을 지킵시다"
YpJMmEMLoi4,김문수 후보등록,정치가싫다,ㅋ 이게 정당이 맞나 싶네. 편을 들어줄 수가 없을 정도로 쪽팔려~
YpJMmEMLoi4,김문수 후보등록,정치가싫다,"당비 1만원 ㅋㅋㅋㅋㅋ,,,"
YpJMmEMLoi4,김문수 후보등록,정치가싫다,"ㅉㅉ 망신만 당하고
끝나는 구만~~"
YpJMmEMLoi4,김문수 후보등록,정치가싫다,승복? 첨부터 날로 먹으려고 했었으면서 뭔 승복이야ㅋㅋㅋㅋ 그단어 그럴때 쓰는거 아니지않아?ㅋㅋㅋㅋ
YpJMmEMLoi4,김문수 후보등록,정치가싫다,"뭘 겨루기나했나?
뭔 승복?"
YpJMmEMLoi4,김문수 후보등록,정치가싫다,ㅋㅋㅋㅋㅋㅋㅋㅋㅋㅋㅋㅋㅋ
YpJMmEMLoi4,김문수 후보등록,정치가싫다,졸렬한 아이들의 모임 ㅋㅋㅋ
YpJMmEMLoi4,김문수 후보등록,정치가싫다,아주 추하다
e2H6sjxz0jY,[생방송] 김문수 선관위에 대선후보 등록! 권영세 비대위원장 사퇴! 한덕수 김문수 돕겠다! 홍준표 김문수 선전 기대! 250511 #코리아드림뉴스,코리아드림뉴스,"킹문수 만세~
무조건 김문수로 갑시다"
xZQkUclQyMY,김문수 후보 등록 완료 승리 하겠다!,냥냥사랑,"김문수대통령당선예감입니다.
응원 열심히 하겠습니다."
xZQkUclQyMY,김문수 후보 등록 완료 승리 하겠다!,냥냥사랑,..김문수 님  이제부터  이죄명 처럼  악랄 하게   운동하십시요..힘내십시요
xZQkUclQyMY,김문수 후보 등록 완료 승리 하겠다!,냥냥사랑,"쬐명이 를 이길수있는!
김문수 대통령"
xZQkUclQyMY,김문수 후보 등록 완료 승리 하겠다!,냥냥사랑,그동안ㅡ애가타고속이타고 ㅡ분통터졌는데ㅡㅡ기쁩니다 ㅡ쌍권퇴출ㅡ몇일간 당사앞집회보람도 느끼고ㅡ당원들의  현명하신선택입니다 ㅡ김문수후보ㅡ승리갑시다
xZQkUclQyMY,김문수 후보 등록 완료 승리 하겠다!,냥냥사랑,공산당 횡포 거대야당  국민이 하나되어  대통령님 지켜야합니다
xZQkUclQyMY,김문수 후보 등록 완료 승리 하겠다!,냥냥사랑,김문수 대통령 가즈아~~!!  이기자 ~~!!
xZQkUclQyMY,김문수 후보 등록 완료 승리 하겠다!,냥냥사랑,부정선거를 잡으면 반듯이 이긴다
xZQkUclQyMY,김문수 후보 등록 완료 승리 하겠다!,냥냥사랑,"꼭 대통령님이 되시길 바랍니다
빈체로~~~"
xZQkUclQyMY,김문수 후보 등록 완료 승리 하겠다!,냥냥사랑,"마음고생 하신만큼 더더욱 
큰  감동으로 대통령  되시길 뜨겁게 응원 합니다"
xZQkUclQyMY,김문수 후보 등록 완료 승리 하겠다!,냥냥사랑,자유민주주의 대한민국 승리
xZQkUclQyMY,김문수 후보 등록 완료 승리 하겠다!,냥냥사랑,깨어진 법치국가 살려주세요
xZQkUclQyMY,김문수 후보 등록 완료 승리 하겠다!,냥냥사랑,민주한짓을 그대로 하십시요~
xZQkUclQyMY,김문수 후보 등록 완료 승리 하겠다!,냥냥사랑,인민독재  깨진 법치  미꾸라지 흙탕물 흙탕물법  공산당  고쳐주소서
xZQkUclQyMY,김문수 후보 등록 완료 승리 하겠다!,냥냥사랑,"왕의 귀환
김문수 후보님 대통령으로 이 나라를 구해 주세요"
xZQkUclQyMY,김문수 후보 등록 완료 승리 하겠다!,냥냥사랑,자유민주주의 대한민국 만세
xZQkUclQyMY,김문수 후보 등록 완료 승리 하겠다!,냥냥사랑,김문수 후보님 축하드려요 아름다운  대한민국을 바르게 이끄러 주세요
xZQkUclQyMY,김문수 후보 등록 완료 승리 하겠다!,냥냥사랑,승리 축하합니다
xZQkUclQyMY,김문수 후보 등록 완료 승리 하겠다!,냥냥사랑,"조건없이
승리한다
예지자들은
다
예언했다
깨끗한영웅이
나타난다"
xZQkUclQyMY,김문수 후보 등록 완료 승리 하겠다!,냥냥사랑,이재명은 깜이 아니죠  범죄자 5범에 어떻게   말이 됩니까????
xZQkUclQyMY,김문수 후보 등록 완료 승리 하겠다!,냥냥사랑,"김문수 후보님. 대통령 가즈아. 
격하게 응원합니다.  
청렴결백 김문수.  정정당당 김문수."
xZQkUclQyMY,김문수 후보 등록 완료 승리 하겠다!,냥냥사랑,자유민주주의를 미래세대에  물려주어야합니다
xZQkUclQyMY,김문수 후보 등록 완료 승리 하겠다!,냥냥사랑,김문수후보님 꼭 승리해서 이죄명을이기길 기도 하겠습니다 ~~응원합니다~~국민의힘 되길 국민들이 나서야한다 ~~꼭 투표동참합시다
xZQkUclQyMY,김문수 후보 등록 완료 승리 하겠다!,냥냥사랑,반드시 승리할겁니다.
xZQkUclQyMY,김문수 후보 등록 완료 승리 하겠다!,냥냥사랑,"적극 응원합니다 
반드시 승리하십시요"
xZQkUclQyMY,김문수 후보 등록 완료 승리 하겠다!,냥냥사랑,"김문수 축하드립니다 
꼭승리할겁니다. 응원합니다"
xZQkUclQyMY,김문수 후보 등록 완료 승리 하겠다!,냥냥사랑,"주님의 이름으로 축하하며 축복드립니다. 장동혁. 안철수 김태호, 장예찬
과 함께 하십시오 ,,,,"
xZQkUclQyMY,김문수 후보 등록 완료 승리 하겠다!,냥냥사랑,꼭 승리하시길 응원합니다.
xZQkUclQyMY,김문수 후보 등록 완료 승리 하겠다!,냥냥사랑,"축하드려요 
김문수 후보님 
꼭 승리하세요"
xZQkUclQyMY,김문수 후보 등록 완료 승리 하겠다!,냥냥사랑,축하드립니다 김문수 대통령 후보님 꼭 승리하세요 지지합니다
xZQkUclQyMY,김문수 후보 등록 완료 승리 하겠다!,냥냥사랑,김문수후보님 좀독한후보되시길바랍니다
xZQkUclQyMY,김문수 후보 등록 완료 승리 하겠다!,냥냥사랑,김문수 후보님 꼭 승리하시기바람니다 죄명 꼭 이기십시요 .
xZQkUclQyMY,김문수 후보 등록 완료 승리 하겠다!,냥냥사랑,"김문수후보님
이제는 애국자님과
유세열열히하세요
나경원의원님과
같이요~~~~~"
xZQkUclQyMY,김문수 후보 등록 완료 승리 하겠다!,냥냥사랑,"존경하는 김문수 대통령 후보님 화이팅입니다!
필승 기원 합니다!
대한 민국은 자유민주주의 법치국가입니다!
 좌파 종북세력의 들을 물리치고 대한민국을 
살려 주셔야 합니다!
김문수 대통령 후보님 화이팅입니다!"
xZQkUclQyMY,김문수 후보 등록 완료 승리 하겠다!,냥냥사랑,
xZQkUclQyMY,김문수 후보 등록 완료 승리 하겠다!,냥냥사랑,"김문수 대통령 만세
 김문수대통령 만세 김문수대통령 만세 김문수대통령 김문수대통령 만세"
xZQkUclQyMY,김문수 후보 등록 완료 승리 하겠다!,냥냥사랑,김문수후보님 응원 합니다~
xZQkUclQyMY,김문수 후보 등록 완료 승리 하겠다!,냥냥사랑,응원합니다
xZQkUclQyMY,김문수 후보 등록 완료 승리 하겠다!,냥냥사랑,승리는 보수지유우파에게
xZQkUclQyMY,김문수 후보 등록 완료 승리 하겠다!,냥냥사랑,김문수후보 꼭승리하셔야합니다
xZQkUclQyMY,김문수 후보 등록 완료 승리 하겠다!,냥냥사랑,선거일 어디 여행가지 말고 당일투표 하길 바랍니다.사전투표는 안됩니다.공산당정권의 탄압의 정치를 시작조차 하면 안됩니다.
xZQkUclQyMY,김문수 후보 등록 완료 승리 하겠다!,냥냥사랑,"꼭대선승리하셔야만
자유대한민국이 살수있습니다
다함께힘을보탭시다"
xZQkUclQyMY,김문수 후보 등록 완료 승리 하겠다!,냥냥사랑,최고의 전사
xZQkUclQyMY,김문수 후보 등록 완료 승리 하겠다!,냥냥사랑,맞습니다  .역쉬.김문수 후보이십니다
xZQkUclQyMY,김문수 후보 등록 완료 승리 하겠다!,냥냥사랑,보수우피의 검증된 김문수후보 화이팅
xZQkUclQyMY,김문수 후보 등록 완료 승리 하겠다!,냥냥사랑,"필승
꼭 당선
위대한 나라 만들줄 믿습니다 
화이팅!
주님 역사하여 주시옵소서!"
xZQkUclQyMY,김문수 후보 등록 완료 승리 하겠다!,냥냥사랑,김문수후보님 힘내세요 응원합니다
xZQkUclQyMY,김문수 후보 등록 완료 승리 하겠다!,냥냥사랑,승리는 이미 정해진 이치 !!!!!!!
xZQkUclQyMY,김문수 후보 등록 완료 승리 하겠다!,냥냥사랑,꼭 승리하세요1표 찍습니다
xZQkUclQyMY,김문수 후보 등록 완료 승리 하겠다!,냥냥사랑,응원합니다!
xZQkUclQyMY,김문수 후보 등록 완료 승리 하겠다!,냥냥사랑,인격이 안된 이재명 깜이 안되는거 아닌가요??
xZQkUclQyMY,김문수 후보 등록 완료 승리 하겠다!,냥냥사랑,김문수후보님 정말강철같은 맨탈로 이제 나라를살립시다
xZQkUclQyMY,김문수 후보 등록 완료 승리 하겠다!,냥냥사랑,분노를 내려놓고 대선에 최선을
xZQkUclQyMY,김문수 후보 등록 완료 승리 하겠다!,냥냥사랑,김문수후보 대선에 꼭 승리 합시다
xZQkUclQyMY,김문수 후보 등록 완료 승리 하겠다!,냥냥사랑,"응원합니다 꼭 당선되셔야합니다
그동안 국힘에 실망하셨던 분들 다시 힘을 모아야합니다 저들 뭉치는거 보십시오
우리도 좌파한테 배워야합니다"
xZQkUclQyMY,김문수 후보 등록 완료 승리 하겠다!,냥냥사랑,"범죄자와 불의와는 절때 따협하지않는
강직한 바른생활의 
경쟁이되었구나"
xZQkUclQyMY,김문수 후보 등록 완료 승리 하겠다!,냥냥사랑,국힘통홥화합으로하나로뭉처대권승리로불법으로쓰러지는나라법치정의로일으켜야합니다김문수후보님화이팅입니다승리해요
xZQkUclQyMY,김문수 후보 등록 완료 승리 하겠다!,냥냥사랑,대통령님 만들면 끄집어내는  거대야당?????
xZQkUclQyMY,김문수 후보 등록 완료 승리 하겠다!,냥냥사랑,투표하나마나 선관위가 결정???때려잡자 선관위 가족모임 아빠찬스
xZQkUclQyMY,김문수 후보 등록 완료 승리 하겠다!,냥냥사랑,부정선거만 지켜 주시면 성공 합니다
xZQkUclQyMY,김문수 후보 등록 완료 승리 하겠다!,냥냥사랑,부탁드립니다
xZQkUclQyMY,김문수 후보 등록 완료 승리 하겠다!,냥냥사랑,"후보님, 마음고생 많으셨습니다 
이제 그래도 밤잠을 잘 수있게
되었습니다   
영,육간에 강건하세요"
xZQkUclQyMY,김문수 후보 등록 완료 승리 하겠다!,냥냥사랑,고생 많으셨습니다. 이기세  계속 지지율을 향하여~~화이팅^~
xZQkUclQyMY,김문수 후보 등록 완료 승리 하겠다!,냥냥사랑,불의한 자는 하나님의 심판을 받는다 금방
xZQkUclQyMY,김문수 후보 등록 완료 승리 하겠다!,냥냥사랑,마음고생 많았습니다   대통령   김문수님   힘네세요
xZQkUclQyMY,김문수 후보 등록 완료 승리 하겠다!,냥냥사랑,"김문수 대선후보님 진심으로 축하드립니다
꼭대선승리하시길 빕니다
국힘 보수화이팅~~"
xZQkUclQyMY,김문수 후보 등록 완료 승리 하겠다!,냥냥사랑,승리승리 화이팅!!
xZQkUclQyMY,김문수 후보 등록 완료 승리 하겠다!,냥냥사랑,"김문수 후보님 !
끝까지 응원 하겠습니다."
xZQkUclQyMY,김문수 후보 등록 완료 승리 하겠다!,냥냥사랑,무조건 이깁니다. 김문수 화이팅!!
xZQkUclQyMY,김문수 후보 등록 완료 승리 하겠다!,냥냥사랑,국힘 문수는약하다
xZQkUclQyMY,김문수 후보 등록 완료 승리 하겠다!,냥냥사랑,김문수.절대안됨
xZQkUclQyMY,김문수 후보 등록 완료 승리 하겠다!,냥냥사랑,김문수 대통령 된다
xZQkUclQyMY,김문수 후보 등록 완료 승리 하겠다!,냥냥사랑,국힘 .망했다
xZQkUclQyMY,김문수 후보 등록 완료 승리 하겠다!,냥냥사랑,하나님은 일 하십니다  화이팅!
xZQkUclQyMY,김문수 후보 등록 완료 승리 하겠다!,냥냥사랑,형님. 열정적으로. 축하드립니다
xZQkUclQyMY,김문수 후보 등록 완료 승리 하겠다!,냥냥사랑,김문수님 될거같아도 안됨니다
xZQkUclQyMY,김문수 후보 등록 완료 승리 하겠다!,냥냥사랑,대단한 대통령  김문수 후보님
xZQkUclQyMY,김문수 후보 등록 완료 승리 하겠다!,냥냥사랑,가자 김문수!!
xZQkUclQyMY,김문수 후보 등록 완료 승리 하겠다!,냥냥사랑,김문수 후보님 한덕수후보님 과손잡고 꼭승리해야합니다
xZQkUclQyMY,김문수 후보 등록 완료 승리 하겠다!,냥냥사랑,부정선거만    막는다면  필승이다
xZQkUclQyMY,김문수 후보 등록 완료 승리 하겠다!,냥냥사랑,잘하셨습니다.  하나님께서 도우심을 다시 체험 합니다. 기도하며 기다립니다. 축복하고 내가 예수 그리스도의 이름으로 김문수에게 지혜와 권세를 주노라 아멘
xZQkUclQyMY,김문수 후보 등록 완료 승리 하겠다!,냥냥사랑,찬서
xZQkUclQyMY,김문수 후보 등록 완료 승리 하겠다!,냥냥사랑,진정한 후보입니다 꼭 승리 하십시요 전과자 이재명  이런사람이 대통령 되면은 나라가 어떻게 되겠습니까 불륜의 패륜까지 저질은사람을 당을 떠나서 사람을 봅시다
xZQkUclQyMY,김문수 후보 등록 완료 승리 하겠다!,냥냥사랑,자유민주주의 대한민국 만세
mx7SRG8kuC0,"[🔴속보] '기사회생' 김문수, 국민의힘 대선 후보 등록 ""막중한 책임…반드시 당선돼 위대한 대한민국 만들 것""｜""지도부 방향 강하게 작용했지만 이겨내""",연합뉴스TV,되겠냐 ㅋㅋㅋ홍준표를 버렷는데
mx7SRG8kuC0,"[🔴속보] '기사회생' 김문수, 국민의힘 대선 후보 등록 ""막중한 책임…반드시 당선돼 위대한 대한민국 만들 것""｜""지도부 방향 강하게 작용했지만 이겨내""",연합뉴스TV,"일단은 축하하고 민주당지지자들이 엄청나게 도와줬으니까    이재명 씹는 유세 하지말고  정잭위주로  유세 해야  될듯
이재명대표가  김문수 동생 변호도  무료로  해줬다 더만"
to5YoykEBIc,김문수 국힘 후보 등록,건정소,문수후보님화이팅꼭대통령되서나라살려주세요맘고생많았읍니다
to5YoykEBIc,김문수 국힘 후보 등록,건정소,대통이 된다고. 헐.
to5YoykEBIc,김문수 국힘 후보 등록,건정소,이시국에 문수가 적격이다
to5YoykEBIc,김문수 국힘 후보 등록,건정소,"화이팅~조마~조마했어요
지금부터 시작입니다
모두들 포옹하여 승리의 길로~"
to5YoykEBIc,김문수 국힘 후보 등록,건정소,대한민국 대통령 김문수
to5YoykEBIc,김문수 국힘 후보 등록,건정소,가자 김문수
to5YoykEBIc,김문수 국힘 후보 등록,건정소,"김문수, 홧팅 홧팅 홧팅!!!
승리를 위하여 돌진..."
to5YoykEBIc,김문수 국힘 후보 등록,건정소,"가자!
김문수 대통령님"
to5YoykEBIc,김문수 국힘 후보 등록,건정소,119에 전화나 하지 마라!!
g-Iv7gIR5M8,투사 김문수후보 - 중앙선거관리위원회 후보등록,상진,"역시 우리 신자유연대 김상진대표가 옳았다 으샤으샤
김문수후보님 화이팅"
g-Iv7gIR5M8,투사 김문수후보 - 중앙선거관리위원회 후보등록,상진,이재명 이길사람 김문수후보님
g-Iv7gIR5M8,투사 김문수후보 - 중앙선거관리위원회 후보등록,상진,"윤어게인
김문수 화이팅"
g-Iv7gIR5M8,투사 김문수후보 - 중앙선거관리위원회 후보등록,상진,김문수후보님   상진대표님 성창경 대표님 화이팅입니다
g-Iv7gIR5M8,투사 김문수후보 - 중앙선거관리위원회 후보등록,상진,너무너무 수고많으십니다🇰🇷️🇰🇷
g-Iv7gIR5M8,투사 김문수후보 - 중앙선거관리위원회 후보등록,상진,김상진대표님 수고 많으십니다
g-Iv7gIR5M8,투사 김문수후보 - 중앙선거관리위원회 후보등록,상진,상진아재  응원합니다 힘내주세요
g-Iv7gIR5M8,투사 김문수후보 - 중앙선거관리위원회 후보등록,상진,맞습니다! 이죄명 관타나모로 수용! 자유민주주의  움직여주길! 이심전심.
g-Iv7gIR5M8,투사 김문수후보 - 중앙선거관리위원회 후보등록,상진,"부정선거를 막아야 승리
합니다. 보수는 단일화."
g-Iv7gIR5M8,투사 김문수후보 - 중앙선거관리위원회 후보등록,상진,상진아재 수고가 많습니다
g-Iv7gIR5M8,투사 김문수후보 - 중앙선거관리위원회 후보등록,상진,"김상진 대표님 늘 고생 하시네요 
항상 응원하고 있습니다 김문수 후보님 잘 되시게 도와주세용 감사합니다"
g-Iv7gIR5M8,투사 김문수후보 - 중앙선거관리위원회 후보등록,상진,김문수장관님지지합니다
g-Iv7gIR5M8,투사 김문수후보 - 중앙선거관리위원회 후보등록,상진,부패와 청렴 대결  구도가 되었네요. 열심히 응원합시다
g-Iv7gIR5M8,투사 김문수후보 - 중앙선거관리위원회 후보등록,상진,"상진아재님 계셔서 넘 든든합니다.
내가 유일하게 믿는 유튜브입니다.
화이팅!"
g-Iv7gIR5M8,투사 김문수후보 - 중앙선거관리위원회 후보등록,상진,"상진아재 화이팅
최고입니다.  
상진아재 최고"
g-Iv7gIR5M8,투사 김문수후보 - 중앙선거관리위원회 후보등록,상진,깔깔깔
g-Iv7gIR5M8,투사 김문수후보 - 중앙선거관리위원회 후보등록,상진,"당원가입했습니다
한동훈당대표반대위해"
g-Iv7gIR5M8,투사 김문수후보 - 중앙선거관리위원회 후보등록,상진,아재 ~상진아재 ~홧팅 입니다. 홧팅
g-Iv7gIR5M8,투사 김문수후보 - 중앙선거관리위원회 후보등록,상진,역시상진아재
g-Iv7gIR5M8,투사 김문수후보 - 중앙선거관리위원회 후보등록,상진,"상진아재최고입니다
김문수가답입니다"
g-Iv7gIR5M8,투사 김문수후보 - 중앙선거관리위원회 후보등록,상진,당원 입당 완료 하였습니다  많이 해주세요
g-Iv7gIR5M8,투사 김문수후보 - 중앙선거관리위원회 후보등록,상진,쌍권뒤에는 뒷배있음
g-Iv7gIR5M8,투사 김문수후보 - 중앙선거관리위원회 후보등록,상진,장ㄱ표씨도안받았대요
g-Iv7gIR5M8,투사 김문수후보 - 중앙선거관리위원회 후보등록,상진,경향신문 민노총이랑 같은 건물 사용한다면서요
g-Iv7gIR5M8,투사 김문수후보 - 중앙선거관리위원회 후보등록,상진,"배후가누군지는당신보다 한동훈이 더잘알지않겠어요~~?
잘모르면서 배후로지목할사람이아니죠~
한동훈이 한덕수와쌍권 어제 폐북으로계속친하계의원들이 기자회견하고 성토하고.. 한동훈지지자들이 투표에힘모아줬는데...참..
고마운즬도 모르고..상진아재님..감옥갔다오시더니~감이다떻어지셨네요...이제 욕 그만하시고 다 힘을모으자고 독려를하셔도 모자랄시점에~~아이고..."
g-Iv7gIR5M8,투사 김문수후보 - 중앙선거관리위원회 후보등록,상진,사퇴했어요
g-Iv7gIR5M8,투사 김문수후보 - 중앙선거관리위원회 후보등록,상진,이제부터후보님 일정대로 같이 움직이나요
g-Iv7gIR5M8,투사 김문수후보 - 중앙선거관리위원회 후보등록,상진,힘내십시요
g-Iv7gIR5M8,투사 김문수후보 - 중앙선거관리위원회 후보등록,상진,한동훈 너는 윤석열대통령님을만나서  석고대죄할지어다
g-Iv7gIR5M8,투사 김문수후보 - 중앙선거관리위원회 후보등록,상진,제발 그렇게 되었으면  얼마나좋겠어요 미국에서 제발 바랍니다
g-Iv7gIR5M8,투사 김문수후보 - 중앙선거관리위원회 후보등록,상진,똑똑한 분 하나추가요
g-Iv7gIR5M8,투사 김문수후보 - 중앙선거관리위원회 후보등록,상진,맞아요
g-Iv7gIR5M8,투사 김문수후보 - 중앙선거관리위원회 후보등록,상진,막장영화 입니다
g-Iv7gIR5M8,투사 김문수후보 - 중앙선거관리위원회 후보등록,상진,어제 필요할때는 어디있다가 지금라서 ㅋㅋ
uuAXsaYISTU,후보 변경 당원 찬반투표에서 부결. 김문수 오늘 후보 등록,예능하나,"한덕수는 김문수후보를 도와라.
그렇치 않으면 명예회복 힘들것이다.진정 나라를 지킨다면 김문수를 도와라"
jLe_j7MsAvg,(속보) 국힘당 김문수 오늘 후보 등록! 한덕수 국민께 마지막 인사! 하룻밤 사이에 또 바뀌었다!,바꿀수만있다면TV,"이재명 과 김문수의 대결은 .....
선 과 악 
또는 
진짜 ""독종"" 끼리 만났다고 본다.

둘다 노동운동을 기반으로 컸지만 
이재명은 끝까지 시민과 함께....
김문수는 ......(군),검찰세력과 함께  
배부르고 등 따수운  정치를 한 결과를 평가 받는다."
jLe_j7MsAvg,(속보) 국힘당 김문수 오늘 후보 등록! 한덕수 국민께 마지막 인사! 하룻밤 사이에 또 바뀌었다!,바꿀수만있다면TV,"꼴렐루야
국힘은 전광훈이 접수한다.."
jLe_j7MsAvg,(속보) 국힘당 김문수 오늘 후보 등록! 한덕수 국민께 마지막 인사! 하룻밤 사이에 또 바뀌었다!,바꿀수만있다면TV,"과거를 보면 그사람 정체를 알수있다 
사람은 변하지 않는다 사람은 고쳐쓰지않는다 그냥 버릴뿐이지"
jLe_j7MsAvg,(속보) 국힘당 김문수 오늘 후보 등록! 한덕수 국민께 마지막 인사! 하룻밤 사이에 또 바뀌었다!,바꿀수만있다면TV,"쌍권이 만든 시나리오로 덕수쥐와 연극한거 아녀?
동정표 좀 얻으려고?"
jLe_j7MsAvg,(속보) 국힘당 김문수 오늘 후보 등록! 한덕수 국민께 마지막 인사! 하룻밤 사이에 또 바뀌었다!,바꿀수만있다면TV,대통령은  날샜고 당권잡아서  쌍권과 그똘마니들을 공천배제  하길~~~.
jLe_j7MsAvg,(속보) 국힘당 김문수 오늘 후보 등록! 한덕수 국민께 마지막 인사! 하룻밤 사이에 또 바뀌었다!,바꿀수만있다면TV,찬반투표 찬성이 많이 나온다는 말은 어디서 나온말이냐 문수야 ㅋㅋㅋㅋ
jLe_j7MsAvg,(속보) 국힘당 김문수 오늘 후보 등록! 한덕수 국민께 마지막 인사! 하룻밤 사이에 또 바뀌었다!,바꿀수만있다면TV,내란당 하는짓이 ㅋㅋ 근데 김문수 동정표 쏠릴까봐 약간 걱정뎀 ㅋㅋㅋ
jLe_j7MsAvg,(속보) 국힘당 김문수 오늘 후보 등록! 한덕수 국민께 마지막 인사! 하룻밤 사이에 또 바뀌었다!,바꿀수만있다면TV,덕수는 감방으로
jLe_j7MsAvg,(속보) 국힘당 김문수 오늘 후보 등록! 한덕수 국민께 마지막 인사! 하룻밤 사이에 또 바뀌었다!,바꿀수만있다면TV,망할 내란당
qpOW7S3Bcaw,🔴LIVE 김문수 국민의힘 대통령후보 등록 / 이 시각 중앙선관위 / 25.5.11 / KNN,KNN NEWS,이제는 김문수후보 중심으로 단합하여 반드시 승리 합시다 화이팅
qpOW7S3Bcaw,🔴LIVE 김문수 국민의힘 대통령후보 등록 / 이 시각 중앙선관위 / 25.5.11 / KNN,KNN NEWS,"누굴탓하지 말고
이죄명만은 안되도록 무조건 힘을 합하여 단합만이 답이다"
qpOW7S3Bcaw,🔴LIVE 김문수 국민의힘 대통령후보 등록 / 이 시각 중앙선관위 / 25.5.11 / KNN,KNN NEWS,김문수후보님 함께 하겠습니다
qpOW7S3Bcaw,🔴LIVE 김문수 국민의힘 대통령후보 등록 / 이 시각 중앙선관위 / 25.5.11 / KNN,KNN NEWS,이제 공정하고 투명한 국민투표를 통하여 국민의 선택을 받아야 합니다. 부정선거는 원천적으로 차단해야 합니다.
qpOW7S3Bcaw,🔴LIVE 김문수 국민의힘 대통령후보 등록 / 이 시각 중앙선관위 / 25.5.11 / KNN,KNN NEWS,감사합니다
qpOW7S3Bcaw,🔴LIVE 김문수 국민의힘 대통령후보 등록 / 이 시각 중앙선관위 / 25.5.11 / KNN,KNN NEWS,"역시 김문수후보님 멋집니다
배테랑입니다 
민주화운동 보상금 10억 반려하신분 중한분 김문수님 고인이 되신 장기표님 모범 된분입니다
민주화 운동 하지 않은 놈들이 가짜 공적서로 민주화 포상금을 수령하는 많은 사람들과는 다릅니다"
qpOW7S3Bcaw,🔴LIVE 김문수 국민의힘 대통령후보 등록 / 이 시각 중앙선관위 / 25.5.11 / KNN,KNN NEWS,와 참대단 하나님 감사합니다 김문ᆢ
qpOW7S3Bcaw,🔴LIVE 김문수 국민의힘 대통령후보 등록 / 이 시각 중앙선관위 / 25.5.11 / KNN,KNN NEWS,김문ᆢ최고 지도자 감사합니다
qpOW7S3Bcaw,🔴LIVE 김문수 국민의힘 대통령후보 등록 / 이 시각 중앙선관위 / 25.5.11 / KNN,KNN NEWS,응원합니다. 위대한 대한민국 만들어주세요~
qpOW7S3Bcaw,🔴LIVE 김문수 국민의힘 대통령후보 등록 / 이 시각 중앙선관위 / 25.5.11 / KNN,KNN NEWS,맞습니다. 자유대한민국의 정통성을 지키고 대한민국의 큰 발전을 이루기 위해서 모든 국민들이 함께 동참하여 새 역사를 만들어 가야합니다.
qpOW7S3Bcaw,🔴LIVE 김문수 국민의힘 대통령후보 등록 / 이 시각 중앙선관위 / 25.5.11 / KNN,KNN NEWS,"반듯이 하나님 께서 크게 축복 하여 주실 것 임니다  멸ㅡ공  
필ㅡㅡ승   임니다"
qpOW7S3Bcaw,🔴LIVE 김문수 국민의힘 대통령후보 등록 / 이 시각 중앙선관위 / 25.5.11 / KNN,KNN NEWS,김문수   가즈아
qpOW7S3Bcaw,🔴LIVE 김문수 국민의힘 대통령후보 등록 / 이 시각 중앙선관위 / 25.5.11 / KNN,KNN NEWS,탄핵 당하면 그때서야 단일화 못한걸 후회하겠지요. 정치판 포기햇슴다.
qpOW7S3Bcaw,🔴LIVE 김문수 국민의힘 대통령후보 등록 / 이 시각 중앙선관위 / 25.5.11 / KNN,KNN NEWS,김무수님 힘내세요
Xv9gWBmc8AI,"[현장연결] 국민의힘 김문수 직접 후보 등록…""반드시 당선돼 위대한 나라 만들 것"" / 연합뉴스TV (YonhapnewsTV)",연합뉴스TV,갓문수였네 사람이 완전 커보이고 달리보이네요
Xv9gWBmc8AI,"[현장연결] 국민의힘 김문수 직접 후보 등록…""반드시 당선돼 위대한 나라 만들 것"" / 연합뉴스TV (YonhapnewsTV)",연합뉴스TV,김문수후보님 꼭 대통령도셔서 위대하고 살기좋은 자유대한민국 만들어주세요. 기대하고있습니다.
Xv9gWBmc8AI,"[현장연결] 국민의힘 김문수 직접 후보 등록…""반드시 당선돼 위대한 나라 만들 것"" / 연합뉴스TV (YonhapnewsTV)",연합뉴스TV,"잘 하실것 같네요!
청렴하고 진심이 느껴집니다!"
Xv9gWBmc8AI,"[현장연결] 국민의힘 김문수 직접 후보 등록…""반드시 당선돼 위대한 나라 만들 것"" / 연합뉴스TV (YonhapnewsTV)",연합뉴스TV,국힘당원들도 이건 아니다라고 생각한거지 국힘은 심각함
Xv9gWBmc8AI,"[현장연결] 국민의힘 김문수 직접 후보 등록…""반드시 당선돼 위대한 나라 만들 것"" / 연합뉴스TV (YonhapnewsTV)",연합뉴스TV,당원이 사법부다ㅡ사리분별잘함
Xv9gWBmc8AI,"[현장연결] 국민의힘 김문수 직접 후보 등록…""반드시 당선돼 위대한 나라 만들 것"" / 연합뉴스TV (YonhapnewsTV)",연합뉴스TV,제2국가 새마을 건국
Xv9gWBmc8AI,"[현장연결] 국민의힘 김문수 직접 후보 등록…""반드시 당선돼 위대한 나라 만들 것"" / 연합뉴스TV (YonhapnewsTV)",연합뉴스TV,김후보님을 지지하지 않은 분들도 다 끌어안아서 이재명을 꼭 이겨야합니다.
Xv9gWBmc8AI,"[현장연결] 국민의힘 김문수 직접 후보 등록…""반드시 당선돼 위대한 나라 만들 것"" / 연합뉴스TV (YonhapnewsTV)",연합뉴스TV,"이번 파국을 몰고간 지도부 전부 책임 엄중히 묻고, 전 후보님들 전부 대동단결 해야합니다. 한동훈, 나경원, 안철수, 홍준표 및 모든 후보님들 적극 도와주세요. 상처가 너무 깊어요. 김문수 후보님 너무 고생하셨고, 정말 홧팅입니다. 이번에 확실히 알게되었습니다. 청념결백하고 단단한 사람이 어디 까지 하실수 있는지.. 정말 지지합니다.특히 홍준표 전후보님 꼭 대려오세요."
Xv9gWBmc8AI,"[현장연결] 국민의힘 김문수 직접 후보 등록…""반드시 당선돼 위대한 나라 만들 것"" / 연합뉴스TV (YonhapnewsTV)",연합뉴스TV,제2의박정희 김문수.앞으로부정선거가 문제다
Xv9gWBmc8AI,"[현장연결] 국민의힘 김문수 직접 후보 등록…""반드시 당선돼 위대한 나라 만들 것"" / 연합뉴스TV (YonhapnewsTV)",연합뉴스TV,김문수 용기는 이나라를 반석위에 위다한 대한민국과 자유통일을 이루어 제2의 건국을. 이루기 빕니다
Xv9gWBmc8AI,"[현장연결] 국민의힘 김문수 직접 후보 등록…""반드시 당선돼 위대한 나라 만들 것"" / 연합뉴스TV (YonhapnewsTV)",연합뉴스TV,극우 후보들의 밥그릇  개싸움 잘 봤다
Xv9gWBmc8AI,"[현장연결] 국민의힘 김문수 직접 후보 등록…""반드시 당선돼 위대한 나라 만들 것"" / 연합뉴스TV (YonhapnewsTV)",연합뉴스TV,김문수 후보님 위대한 대한민국을 만들어주세요~
Xv9gWBmc8AI,"[현장연결] 국민의힘 김문수 직접 후보 등록…""반드시 당선돼 위대한 나라 만들 것"" / 연합뉴스TV (YonhapnewsTV)",연합뉴스TV,멋집니다 김문수 응원합니다
Xv9gWBmc8AI,"[현장연결] 국민의힘 김문수 직접 후보 등록…""반드시 당선돼 위대한 나라 만들 것"" / 연합뉴스TV (YonhapnewsTV)",연합뉴스TV,김문수 후보님 지지합니다
Xv9gWBmc8AI,"[현장연결] 국민의힘 김문수 직접 후보 등록…""반드시 당선돼 위대한 나라 만들 것"" / 연합뉴스TV (YonhapnewsTV)",연합뉴스TV,당원투표로  김문수로 단일화 됨 !!!!!!!!!!!!!!!!
Xv9gWBmc8AI,"[현장연결] 국민의힘 김문수 직접 후보 등록…""반드시 당선돼 위대한 나라 만들 것"" / 연합뉴스TV (YonhapnewsTV)",연합뉴스TV,김문수님 법제자 제명을 꼭 제거해주세요 거짓말쟁이제명 안보이게해주세요
Xv9gWBmc8AI,"[현장연결] 국민의힘 김문수 직접 후보 등록…""반드시 당선돼 위대한 나라 만들 것"" / 연합뉴스TV (YonhapnewsTV)",연합뉴스TV,청렴 결백 정의롭고 당당한 김문수가 진정한 자유대한민국 지도자!!!
Xv9gWBmc8AI,"[현장연결] 국민의힘 김문수 직접 후보 등록…""반드시 당선돼 위대한 나라 만들 것"" / 연합뉴스TV (YonhapnewsTV)",연합뉴스TV,역경을 이기고 당권을 물리치고 이분은 대통령이 될겁니다 부정선거 절대 막아야합니다
Xv9gWBmc8AI,"[현장연결] 국민의힘 김문수 직접 후보 등록…""반드시 당선돼 위대한 나라 만들 것"" / 연합뉴스TV (YonhapnewsTV)",연합뉴스TV,김문수 지지합니다 화이팅
Xv9gWBmc8AI,"[현장연결] 국민의힘 김문수 직접 후보 등록…""반드시 당선돼 위대한 나라 만들 것"" / 연합뉴스TV (YonhapnewsTV)",연합뉴스TV,꼭 승리하여 바른대한민국을 만듭시다 꼭꼭승리합시다
Xv9gWBmc8AI,"[현장연결] 국민의힘 김문수 직접 후보 등록…""반드시 당선돼 위대한 나라 만들 것"" / 연합뉴스TV (YonhapnewsTV)",연합뉴스TV,김문수 후보님  지지하고 응원합니다
Xv9gWBmc8AI,"[현장연결] 국민의힘 김문수 직접 후보 등록…""반드시 당선돼 위대한 나라 만들 것"" / 연합뉴스TV (YonhapnewsTV)",연합뉴스TV,정의와 상식과 도덕이 근본인 나라세우기!
Xv9gWBmc8AI,"[현장연결] 국민의힘 김문수 직접 후보 등록…""반드시 당선돼 위대한 나라 만들 것"" / 연합뉴스TV (YonhapnewsTV)",연합뉴스TV,깨끗하고 청렴한 김문수 후보님 응원합니다 끝까지 승리하세요
Xv9gWBmc8AI,"[현장연결] 국민의힘 김문수 직접 후보 등록…""반드시 당선돼 위대한 나라 만들 것"" / 연합뉴스TV (YonhapnewsTV)",연합뉴스TV,김문수 대통령  후보님  당선되길 바랍니다
Xv9gWBmc8AI,"[현장연결] 국민의힘 김문수 직접 후보 등록…""반드시 당선돼 위대한 나라 만들 것"" / 연합뉴스TV (YonhapnewsTV)",연합뉴스TV,김문수 장하다 권성동도 사퇴시켜라 쌍권이라면 이가갈린다.
Xv9gWBmc8AI,"[현장연결] 국민의힘 김문수 직접 후보 등록…""반드시 당선돼 위대한 나라 만들 것"" / 연합뉴스TV (YonhapnewsTV)",연합뉴스TV,김문수 대통령 후보님  응원합니다   힘내셔요
Xv9gWBmc8AI,"[현장연결] 국민의힘 김문수 직접 후보 등록…""반드시 당선돼 위대한 나라 만들 것"" / 연합뉴스TV (YonhapnewsTV)",연합뉴스TV,"힘내세요
승리합시다"
Xv9gWBmc8AI,"[현장연결] 국민의힘 김문수 직접 후보 등록…""반드시 당선돼 위대한 나라 만들 것"" / 연합뉴스TV (YonhapnewsTV)",연합뉴스TV,부정선거를 막아야 자유민주주의 대한민국을 지킬수 있다! 반공방첩! 멸공!
Xv9gWBmc8AI,"[현장연결] 국민의힘 김문수 직접 후보 등록…""반드시 당선돼 위대한 나라 만들 것"" / 연합뉴스TV (YonhapnewsTV)",연합뉴스TV,마음이 뜨거운남자 김문수는 기필코 승리할것이다.
Xv9gWBmc8AI,"[현장연결] 국민의힘 김문수 직접 후보 등록…""반드시 당선돼 위대한 나라 만들 것"" / 연합뉴스TV (YonhapnewsTV)",연합뉴스TV,김문수후보님~~ 마음고생 많으셨어요 ~ 존경합니다   ~ 화이팅입니다
Xv9gWBmc8AI,"[현장연결] 국민의힘 김문수 직접 후보 등록…""반드시 당선돼 위대한 나라 만들 것"" / 연합뉴스TV (YonhapnewsTV)",연합뉴스TV,새로운 대한민국을 만들어 주세요
Xv9gWBmc8AI,"[현장연결] 국민의힘 김문수 직접 후보 등록…""반드시 당선돼 위대한 나라 만들 것"" / 연합뉴스TV (YonhapnewsTV)",연합뉴스TV,김문수  후보 꼭 대통령 당선되길 바랍니다
Xv9gWBmc8AI,"[현장연결] 국민의힘 김문수 직접 후보 등록…""반드시 당선돼 위대한 나라 만들 것"" / 연합뉴스TV (YonhapnewsTV)",연합뉴스TV,응원합니다 !
Xv9gWBmc8AI,"[현장연결] 국민의힘 김문수 직접 후보 등록…""반드시 당선돼 위대한 나라 만들 것"" / 연합뉴스TV (YonhapnewsTV)",연합뉴스TV,"휴~~
이제사 속이 좀진정됩니다!

이재명  전제하에어떻게살아가?
 이민을가야하나?
고민이깊었는데,
투사 후보가 우리후손들을위해 국가정상화달성하시기 기원합니다!"
Xv9gWBmc8AI,"[현장연결] 국민의힘 김문수 직접 후보 등록…""반드시 당선돼 위대한 나라 만들 것"" / 연합뉴스TV (YonhapnewsTV)",연합뉴스TV,김문수가 위대한 대한민국을 만든다
Xv9gWBmc8AI,"[현장연결] 국민의힘 김문수 직접 후보 등록…""반드시 당선돼 위대한 나라 만들 것"" / 연합뉴스TV (YonhapnewsTV)",연합뉴스TV,이왕 빅텐트칠 바엔 참신한 일꾼 다모아 구태를 청산하고 새로운 정치를 정착시켜 주기 바란다
Xv9gWBmc8AI,"[현장연결] 국민의힘 김문수 직접 후보 등록…""반드시 당선돼 위대한 나라 만들 것"" / 연합뉴스TV (YonhapnewsTV)",연합뉴스TV,"어대문수  김문수
박정문수!"
Xv9gWBmc8AI,"[현장연결] 국민의힘 김문수 직접 후보 등록…""반드시 당선돼 위대한 나라 만들 것"" / 연합뉴스TV (YonhapnewsTV)",연합뉴스TV,대한민국 대통령이 될 분입니다.  존경합니다.  응원합니다.
Xv9gWBmc8AI,"[현장연결] 국민의힘 김문수 직접 후보 등록…""반드시 당선돼 위대한 나라 만들 것"" / 연합뉴스TV (YonhapnewsTV)",연합뉴스TV,문수후보님지도부확실히이번에뿌리뽑자
Xv9gWBmc8AI,"[현장연결] 국민의힘 김문수 직접 후보 등록…""반드시 당선돼 위대한 나라 만들 것"" / 연합뉴스TV (YonhapnewsTV)",연합뉴스TV,소멸해가는 대한민국 다시 되살려 주십시요
Xv9gWBmc8AI,"[현장연결] 국민의힘 김문수 직접 후보 등록…""반드시 당선돼 위대한 나라 만들 것"" / 연합뉴스TV (YonhapnewsTV)",연합뉴스TV,"정의가 살아있다
악은축줄되었다"
Xv9gWBmc8AI,"[현장연결] 국민의힘 김문수 직접 후보 등록…""반드시 당선돼 위대한 나라 만들 것"" / 연합뉴스TV (YonhapnewsTV)",연합뉴스TV,나라를 사랑하시는 김문수 후보님 이재명을 이길 수 있도록~화이팅
Xv9gWBmc8AI,"[현장연결] 국민의힘 김문수 직접 후보 등록…""반드시 당선돼 위대한 나라 만들 것"" / 연합뉴스TV (YonhapnewsTV)",연합뉴스TV,정상적으로 한동훈을 이겼니?
Xv9gWBmc8AI,"[현장연결] 국민의힘 김문수 직접 후보 등록…""반드시 당선돼 위대한 나라 만들 것"" / 연합뉴스TV (YonhapnewsTV)",연합뉴스TV,지지합니다
Xv9gWBmc8AI,"[현장연결] 국민의힘 김문수 직접 후보 등록…""반드시 당선돼 위대한 나라 만들 것"" / 연합뉴스TV (YonhapnewsTV)",연합뉴스TV,역시 김문수 대통령임다 만세 만세
Xv9gWBmc8AI,"[현장연결] 국민의힘 김문수 직접 후보 등록…""반드시 당선돼 위대한 나라 만들 것"" / 연합뉴스TV (YonhapnewsTV)",연합뉴스TV,이재명 보다는 100배 훌륭하신 김문수 후보님 응원합니다
Xv9gWBmc8AI,"[현장연결] 국민의힘 김문수 직접 후보 등록…""반드시 당선돼 위대한 나라 만들 것"" / 연합뉴스TV (YonhapnewsTV)",연합뉴스TV,국란극복 잘하시기 바랍니다
Xv9gWBmc8AI,"[현장연결] 국민의힘 김문수 직접 후보 등록…""반드시 당선돼 위대한 나라 만들 것"" / 연합뉴스TV (YonhapnewsTV)",연합뉴스TV,"김문수 후보님 만세!
반드시 승리하세요!"
Xv9gWBmc8AI,"[현장연결] 국민의힘 김문수 직접 후보 등록…""반드시 당선돼 위대한 나라 만들 것"" / 연합뉴스TV (YonhapnewsTV)",연합뉴스TV,"김문수 후보님 
그동안 마음고생 많으셨습니다 
꼭 이 나라 중북세력들 몰아내세요
이제 남은것은 부정선거 입니다 
꼭 승리 하시길 진심으로 바랍니다"
Xv9gWBmc8AI,"[현장연결] 국민의힘 김문수 직접 후보 등록…""반드시 당선돼 위대한 나라 만들 것"" / 연합뉴스TV (YonhapnewsTV)",연합뉴스TV,선거운동때  관등성명들 준비해라
Xv9gWBmc8AI,"[현장연결] 국민의힘 김문수 직접 후보 등록…""반드시 당선돼 위대한 나라 만들 것"" / 연합뉴스TV (YonhapnewsTV)",연합뉴스TV,마니지지합니다
Xv9gWBmc8AI,"[현장연결] 국민의힘 김문수 직접 후보 등록…""반드시 당선돼 위대한 나라 만들 것"" / 연합뉴스TV (YonhapnewsTV)",연합뉴스TV,만원짜리  만덕수 커피2잔 만확행
Xv9gWBmc8AI,"[현장연결] 국민의힘 김문수 직접 후보 등록…""반드시 당선돼 위대한 나라 만들 것"" / 연합뉴스TV (YonhapnewsTV)",연합뉴스TV,이제 인생의 길고긴 터널을 뚫고나온 김문수장관님 국민이 응원합니다 광폭의빅텐트를 치시어 국민통합이루시고 위대한 대한민국 만드는데 최선을 다해주시기를 기원드립니다^^
Xv9gWBmc8AI,"[현장연결] 국민의힘 김문수 직접 후보 등록…""반드시 당선돼 위대한 나라 만들 것"" / 연합뉴스TV (YonhapnewsTV)",연합뉴스TV,"김문수후보님대통령되시기를간절히바랍니다
상식이있는보수중도는나라의미래를위해똘똘뭉쳐서반드시이깁시다"
Xv9gWBmc8AI,"[현장연결] 국민의힘 김문수 직접 후보 등록…""반드시 당선돼 위대한 나라 만들 것"" / 연합뉴스TV (YonhapnewsTV)",연합뉴스TV,김문수가 국힘과 보수를 말아먹었네~~패배에 대한 책임을 반드시 져야 할것
Xv9gWBmc8AI,"[현장연결] 국민의힘 김문수 직접 후보 등록…""반드시 당선돼 위대한 나라 만들 것"" / 연합뉴스TV (YonhapnewsTV)",연합뉴스TV,오바하지말고 ㅋ
Xv9gWBmc8AI,"[현장연결] 국민의힘 김문수 직접 후보 등록…""반드시 당선돼 위대한 나라 만들 것"" / 연합뉴스TV (YonhapnewsTV)",연합뉴스TV,김문수ㅡ대통령후보ㅡ지지합니다
Xv9gWBmc8AI,"[현장연결] 국민의힘 김문수 직접 후보 등록…""반드시 당선돼 위대한 나라 만들 것"" / 연합뉴스TV (YonhapnewsTV)",연합뉴스TV,김문수후보님  꼭 대통령 당선되시길  아침마다  기도합니다.대선에  당선되어  좋은일  많이 해주세요
Xv9gWBmc8AI,"[현장연결] 국민의힘 김문수 직접 후보 등록…""반드시 당선돼 위대한 나라 만들 것"" / 연합뉴스TV (YonhapnewsTV)",연합뉴스TV,민심은천심
Xv9gWBmc8AI,"[현장연결] 국민의힘 김문수 직접 후보 등록…""반드시 당선돼 위대한 나라 만들 것"" / 연합뉴스TV (YonhapnewsTV)",연합뉴스TV,후대들의 미래가 달린 대선입니다ㆍ홧팅!!
Xv9gWBmc8AI,"[현장연결] 국민의힘 김문수 직접 후보 등록…""반드시 당선돼 위대한 나라 만들 것"" / 연합뉴스TV (YonhapnewsTV)",연합뉴스TV,이제 중도 보수에서 찍어줄 후보가 없네~기권한다.
Xv9gWBmc8AI,"[현장연결] 국민의힘 김문수 직접 후보 등록…""반드시 당선돼 위대한 나라 만들 것"" / 연합뉴스TV (YonhapnewsTV)",연합뉴스TV,"김문수후보님 축하합니다
한덕수는 아닙니다"
Xv9gWBmc8AI,"[현장연결] 국민의힘 김문수 직접 후보 등록…""반드시 당선돼 위대한 나라 만들 것"" / 연합뉴스TV (YonhapnewsTV)",연합뉴스TV,"김문수 57.8 %
이재명 26.4%
예상득표율"
Xv9gWBmc8AI,"[현장연결] 국민의힘 김문수 직접 후보 등록…""반드시 당선돼 위대한 나라 만들 것"" / 연합뉴스TV (YonhapnewsTV)",연합뉴스TV,부정선거 철저히 감시하여 반드시 김 문수 후보님 대통령되십시요~화이팅!!!
Xv9gWBmc8AI,"[현장연결] 국민의힘 김문수 직접 후보 등록…""반드시 당선돼 위대한 나라 만들 것"" / 연합뉴스TV (YonhapnewsTV)",연합뉴스TV,김문수 후보님 적극 지지합니다
Xv9gWBmc8AI,"[현장연결] 국민의힘 김문수 직접 후보 등록…""반드시 당선돼 위대한 나라 만들 것"" / 연합뉴스TV (YonhapnewsTV)",연합뉴스TV,패악질의 반국가세력을 척결하려고  박정희 대통령이 환생했습니다. 전 김문수 얼굴에서 박정희를 봅니다. 김문수 화이팅!
Xv9gWBmc8AI,"[현장연결] 국민의힘 김문수 직접 후보 등록…""반드시 당선돼 위대한 나라 만들 것"" / 연합뉴스TV (YonhapnewsTV)",연합뉴스TV,너무 욕심내지 마시고 이준석후보와의 단일화 꼭 해내깁시요.... 나 아니면 안된다고 고집하지 마시고... 저 젊은이가 잘되면 이나라가 얼마나 발전할까를 생각하고 단일화과정을 하나의 축제로 승화 발전시킨다면.... 그나마 어두운 대선에서 밝은 빛이 조금이라도 비칠 겁니다....개혁신당 이준석후보와의 단일화 축제 밝은 이벤트 만이 보수가 살 수 있는 유일한 길 임을 모두 다 명심해야 합니다....
Xv9gWBmc8AI,"[현장연결] 국민의힘 김문수 직접 후보 등록…""반드시 당선돼 위대한 나라 만들 것"" / 연합뉴스TV (YonhapnewsTV)",연합뉴스TV,부정선거해결하지못하면 백날해봐야 패한다.ㅜㅜ부정선거 꼭 개혁하길바랍니다!!
Xv9gWBmc8AI,"[현장연결] 국민의힘 김문수 직접 후보 등록…""반드시 당선돼 위대한 나라 만들 것"" / 연합뉴스TV (YonhapnewsTV)",연합뉴스TV,김문수후보님 최선다해 꼭 이겨주세요 나라를꼭 바로잡아주세요 썩은놈들다 처벌해주세요
Xv9gWBmc8AI,"[현장연결] 국민의힘 김문수 직접 후보 등록…""반드시 당선돼 위대한 나라 만들 것"" / 연합뉴스TV (YonhapnewsTV)",연합뉴스TV,"믿습니다 김문수 후보님
부정선거 차단에 힘써 주세요"
Xv9gWBmc8AI,"[현장연결] 국민의힘 김문수 직접 후보 등록…""반드시 당선돼 위대한 나라 만들 것"" / 연합뉴스TV (YonhapnewsTV)",연합뉴스TV,"김문수 후보님 진정한 후보입니다
후보님이 있어서  희망이 있어서 행복합니다"
Xv9gWBmc8AI,"[현장연결] 국민의힘 김문수 직접 후보 등록…""반드시 당선돼 위대한 나라 만들 것"" / 연합뉴스TV (YonhapnewsTV)",연합뉴스TV,반드시 당선되셔야 합니다  화이팅 ~!!!
Xv9gWBmc8AI,"[현장연결] 국민의힘 김문수 직접 후보 등록…""반드시 당선돼 위대한 나라 만들 것"" / 연합뉴스TV (YonhapnewsTV)",연합뉴스TV,김문수는 리틀 박정희다! 최고!
Xv9gWBmc8AI,"[현장연결] 국민의힘 김문수 직접 후보 등록…""반드시 당선돼 위대한 나라 만들 것"" / 연합뉴스TV (YonhapnewsTV)",연합뉴스TV,청렴결백.흠결없는 김후보님 파이팅!!입니다.
Xv9gWBmc8AI,"[현장연결] 국민의힘 김문수 직접 후보 등록…""반드시 당선돼 위대한 나라 만들 것"" / 연합뉴스TV (YonhapnewsTV)",연합뉴스TV,승리투수  김문수님   축하드려요 새로운 대한민국에서 잘살수있도록  리더십을 기원합니다
Xv9gWBmc8AI,"[현장연결] 국민의힘 김문수 직접 후보 등록…""반드시 당선돼 위대한 나라 만들 것"" / 연합뉴스TV (YonhapnewsTV)",연합뉴스TV,더 毒하게 싸워서 승리하시라!
Xv9gWBmc8AI,"[현장연결] 국민의힘 김문수 직접 후보 등록…""반드시 당선돼 위대한 나라 만들 것"" / 연합뉴스TV (YonhapnewsTV)",연합뉴스TV,김문수 공약 적극 지지합니다. 김문수 화이팅!
Xv9gWBmc8AI,"[현장연결] 국민의힘 김문수 직접 후보 등록…""반드시 당선돼 위대한 나라 만들 것"" / 연합뉴스TV (YonhapnewsTV)",연합뉴스TV,제발 위대한 나라 만들어 주세요
Xv9gWBmc8AI,"[현장연결] 국민의힘 김문수 직접 후보 등록…""반드시 당선돼 위대한 나라 만들 것"" / 연합뉴스TV (YonhapnewsTV)",연합뉴스TV,"나는투표안한다
투표  하나마나   뻔한걸 가지고~
리죄명이가당선돼도걱정
김문수가당선돼도걱정"
Xv9gWBmc8AI,"[현장연결] 국민의힘 김문수 직접 후보 등록…""반드시 당선돼 위대한 나라 만들 것"" / 연합뉴스TV (YonhapnewsTV)",연합뉴스TV,119소방대원 갑질 납시오
Xv9gWBmc8AI,"[현장연결] 국민의힘 김문수 직접 후보 등록…""반드시 당선돼 위대한 나라 만들 것"" / 연합뉴스TV (YonhapnewsTV)",연합뉴스TV,"축하드립니다.
반드시 승리하시길 기원드립니다"
Xv9gWBmc8AI,"[현장연결] 국민의힘 김문수 직접 후보 등록…""반드시 당선돼 위대한 나라 만들 것"" / 연합뉴스TV (YonhapnewsTV)",연합뉴스TV,한덕수  이렇걸면 왜 출마해 이분란을 만들었는가?  김문수 후보시절  누구와도 조건없이 단일화 약속 왜 지키지 않았나? 해서 둘다 싫다 이번 대선은 정구너을 넘겨주고 현 국회의원 전원 다음총선에서 낙선하고 한동훈이 새로운 당 만들어 출마할때 보수 다시 가능성 있을것 그때 돌아오겠다  그권영세는 사퇴하였고 리고  권선동도 물러나라 윤석열과 완정 끈어라
Xv9gWBmc8AI,"[현장연결] 국민의힘 김문수 직접 후보 등록…""반드시 당선돼 위대한 나라 만들 것"" / 연합뉴스TV (YonhapnewsTV)",연합뉴스TV,문수야 이번에는 119 드립치지말고 잘좀 하자 그릇 작은데 이번에 좀 키우자..
Xv9gWBmc8AI,"[현장연결] 국민의힘 김문수 직접 후보 등록…""반드시 당선돼 위대한 나라 만들 것"" / 연합뉴스TV (YonhapnewsTV)",연합뉴스TV,김문수 화이팅
Xv9gWBmc8AI,"[현장연결] 국민의힘 김문수 직접 후보 등록…""반드시 당선돼 위대한 나라 만들 것"" / 연합뉴스TV (YonhapnewsTV)",연합뉴스TV,"내란당 내란옹호 세력,전광훈세력이 대통령이 된다고?염치도 없다.대선후보도 사실 창피하다"
Xv9gWBmc8AI,"[현장연결] 국민의힘 김문수 직접 후보 등록…""반드시 당선돼 위대한 나라 만들 것"" / 연합뉴스TV (YonhapnewsTV)",연합뉴스TV,이재명능글능글잡기힘들겠다
Xv9gWBmc8AI,"[현장연결] 국민의힘 김문수 직접 후보 등록…""반드시 당선돼 위대한 나라 만들 것"" / 연합뉴스TV (YonhapnewsTV)",연합뉴스TV,착각하지마
Xv9gWBmc8AI,"[현장연결] 국민의힘 김문수 직접 후보 등록…""반드시 당선돼 위대한 나라 만들 것"" / 연합뉴스TV (YonhapnewsTV)",연합뉴스TV,국정일잘하실것같습니다!!
Xv9gWBmc8AI,"[현장연결] 국민의힘 김문수 직접 후보 등록…""반드시 당선돼 위대한 나라 만들 것"" / 연합뉴스TV (YonhapnewsTV)",연합뉴스TV,리틀 박정희  김문수 대통령
Xv9gWBmc8AI,"[현장연결] 국민의힘 김문수 직접 후보 등록…""반드시 당선돼 위대한 나라 만들 것"" / 연합뉴스TV (YonhapnewsTV)",연합뉴스TV,킹문수!
Xv9gWBmc8AI,"[현장연결] 국민의힘 김문수 직접 후보 등록…""반드시 당선돼 위대한 나라 만들 것"" / 연합뉴스TV (YonhapnewsTV)",연합뉴스TV,그 래도    유리한 대통령 은 한덕수입니
Xv9gWBmc8AI,"[현장연결] 국민의힘 김문수 직접 후보 등록…""반드시 당선돼 위대한 나라 만들 것"" / 연합뉴스TV (YonhapnewsTV)",연합뉴스TV,"김문수를 선두로 한동훈 한덕수의 공약 개헌 3년 대통령으로 밀면 승리할수 있습니다
한동훈을 모셔와야 합니다"
Xv9gWBmc8AI,"[현장연결] 국민의힘 김문수 직접 후보 등록…""반드시 당선돼 위대한 나라 만들 것"" / 연합뉴스TV (YonhapnewsTV)",연합뉴스TV,"김문수 사퇴해라
약속안지키는 할배는 믿음이 안간다
토론 자신없잖아  형수 욕설만가지고 반복할거잖아 ᆢ 정책은 없고"
Xv9gWBmc8AI,"[현장연결] 국민의힘 김문수 직접 후보 등록…""반드시 당선돼 위대한 나라 만들 것"" / 연합뉴스TV (YonhapnewsTV)",연합뉴스TV,119에만 전화하지마셈 ㅋㅋ
Xv9gWBmc8AI,"[현장연결] 국민의힘 김문수 직접 후보 등록…""반드시 당선돼 위대한 나라 만들 것"" / 연합뉴스TV (YonhapnewsTV)",연합뉴스TV,그 고집으로  안돼
Xv9gWBmc8AI,"[현장연결] 국민의힘 김문수 직접 후보 등록…""반드시 당선돼 위대한 나라 만들 것"" / 연합뉴스TV (YonhapnewsTV)",연합뉴스TV,"한동훈지지자들이 뭉쳤습니다
그 뜻을 알 아셔야 합니다"
Xv9gWBmc8AI,"[현장연결] 국민의힘 김문수 직접 후보 등록…""반드시 당선돼 위대한 나라 만들 것"" / 연합뉴스TV (YonhapnewsTV)",연합뉴스TV,코미디당 ㅎ
Xv9gWBmc8AI,"[현장연결] 국민의힘 김문수 직접 후보 등록…""반드시 당선돼 위대한 나라 만들 것"" / 연합뉴스TV (YonhapnewsTV)",연합뉴스TV,"한동훈과 함께 승리하여 좋은정치 하시고
차기 8년 대통령은 한동훈으로~~"
Xv9gWBmc8AI,"[현장연결] 국민의힘 김문수 직접 후보 등록…""반드시 당선돼 위대한 나라 만들 것"" / 연합뉴스TV (YonhapnewsTV)",연합뉴스TV,탄핵 반대하는 인간ᆢ헌재 결정을 부정하는 인간 ᆢ이런 인간을 후보로 내놓는 국힘 투표날 보자.
Xv9gWBmc8AI,"[현장연결] 국민의힘 김문수 직접 후보 등록…""반드시 당선돼 위대한 나라 만들 것"" / 연합뉴스TV (YonhapnewsTV)",연합뉴스TV,넌 전광훈이나  존경해라.
AaBTM6jWTSc,"국힘, 기습 후보 교체 실패 김문수 대선 후보 등록",정치썰전,결국 해내는구나
AaBTM6jWTSc,"국힘, 기습 후보 교체 실패 김문수 대선 후보 등록",정치썰전,"매국노 두 새끼가 싸우더니 한 새끼가 하는구나.
저런 매국노 쓰레기가 후보로 나온다는 자체가 코메디다.
저런 쓰레기에 대갈통을 처단해야 한다."
bAc6YywOZS4,[HOT 이슈메이커] ＜후보 자격 회복 김문수 11일 공식 후보 등록＞　김문수 지지자 최강욱! “이거슨 김문수의 30년 플랜이다!”,오마이TV,한덕수  입당 기탁금  1만원은  ?  돌려 줘야  할텐데
bAc6YywOZS4,[HOT 이슈메이커] ＜후보 자격 회복 김문수 11일 공식 후보 등록＞　김문수 지지자 최강욱! “이거슨 김문수의 30년 플랜이다!”,오마이TV,"한덕수가 제일 나쁜놈인건 판단을 유보하겠지만 현재까지 봤을때..
역사적으로도 최고로 비열한 인간아닌가 싶다 너무너무 싫다 저 케릭터 에이 퉤퉤"
bAc6YywOZS4,[HOT 이슈메이커] ＜후보 자격 회복 김문수 11일 공식 후보 등록＞　김문수 지지자 최강욱! “이거슨 김문수의 30년 플랜이다!”,오마이TV,박영식 앵커 목소리 듣기좋고 명확.정확ㅇ전달력 ~~ 코믹도겸비 ~~ 앞으로도 승승장구하세요
bAc6YywOZS4,[HOT 이슈메이커] ＜후보 자격 회복 김문수 11일 공식 후보 등록＞　김문수 지지자 최강욱! “이거슨 김문수의 30년 플랜이다!”,오마이TV,16세기조선이다시 시작윤회네장희빈이살아나고외척이판쳤던윤씨조씨김씨외척이이나라를나락으로이끌던자들이현세로환생이나라를개판으로 3:59
bAc6YywOZS4,[HOT 이슈메이커] ＜후보 자격 회복 김문수 11일 공식 후보 등록＞　김문수 지지자 최강욱! “이거슨 김문수의 30년 플랜이다!”,오마이TV,책 주문 했어요~  살림에 보태시길  ㅎㅎ
bAc6YywOZS4,[HOT 이슈메이커] ＜후보 자격 회복 김문수 11일 공식 후보 등록＞　김문수 지지자 최강욱! “이거슨 김문수의 30년 플랜이다!”,오마이TV,최강욱 전 의원님 책 잘 보고 있어요. 다시 부활하시길 ~~ 요즘 팬 됬어요.
bAc6YywOZS4,[HOT 이슈메이커] ＜후보 자격 회복 김문수 11일 공식 후보 등록＞　김문수 지지자 최강욱! “이거슨 김문수의 30년 플랜이다!”,오마이TV,윤석열 불법게엄과 내란에대해서는 안물어보나 국회에서 민주당의원이 물어볼때 일어나지도 안고있었지 안은가 내란을 지지하는 식으로 버티고 앉아있었지  안은가 그것은 계속 지지하는지 질문을해 야지 그것은 하지 않은건가 기자들 뭘물어보나 .? !
bAc6YywOZS4,[HOT 이슈메이커] ＜후보 자격 회복 김문수 11일 공식 후보 등록＞　김문수 지지자 최강욱! “이거슨 김문수의 30년 플랜이다!”,오마이TV,여기저기 썩열이 스멜ㅠ
bAc6YywOZS4,[HOT 이슈메이커] ＜후보 자격 회복 김문수 11일 공식 후보 등록＞　김문수 지지자 최강욱! “이거슨 김문수의 30년 플랜이다!”,오마이TV,"국힘의 후보 문수
맞나ㅠ.
후보가 아니다고
국힘결정했는데
뭐야
후보자 효력상실이잖아.
선거비용 국가에서
지원되나ㅠ.

법대로
따져봅시다"
bAc6YywOZS4,[HOT 이슈메이커] ＜후보 자격 회복 김문수 11일 공식 후보 등록＞　김문수 지지자 최강욱! “이거슨 김문수의 30년 플랜이다!”,오마이TV,김문수는 본인의 정치를 만들어야 한다.
bAc6YywOZS4,[HOT 이슈메이커] ＜후보 자격 회복 김문수 11일 공식 후보 등록＞　김문수 지지자 최강욱! “이거슨 김문수의 30년 플랜이다!”,오마이TV,"서로 헐뜯기에는 똑같다
국민은 피곤하다"
bAc6YywOZS4,[HOT 이슈메이커] ＜후보 자격 회복 김문수 11일 공식 후보 등록＞　김문수 지지자 최강욱! “이거슨 김문수의 30년 플랜이다!”,오마이TV,지금 김문수을 뛰이는방송그만해요  나도요며칠김ㅈ문수을응원하다보니   제정신차려야되요 김문수는. 목사따라다니는 사람이여요
bAc6YywOZS4,[HOT 이슈메이커] ＜후보 자격 회복 김문수 11일 공식 후보 등록＞　김문수 지지자 최강욱! “이거슨 김문수의 30년 플랜이다!”,오마이TV,어제 인터넷에 국힘의원과 김경호변호사의 글에서 9일날까지 자기의 위치를 유지한채로만 대선후보로 등록할수 있다고 하던데요 덕수는 9일엔 무소속이었는데 10일 03시에 국힘에 입당했으니 당적이 생겼다거나 바뀌었다고 말할수 있잖아요 그러니 덕수는 대선에 나올수 없겠죠?
bAc6YywOZS4,[HOT 이슈메이커] ＜후보 자격 회복 김문수 11일 공식 후보 등록＞　김문수 지지자 최강욱! “이거슨 김문수의 30년 플랜이다!”,오마이TV,국힘당은 진짜 웃기네
bAc6YywOZS4,[HOT 이슈메이커] ＜후보 자격 회복 김문수 11일 공식 후보 등록＞　김문수 지지자 최강욱! “이거슨 김문수의 30년 플랜이다!”,오마이TV,변희재는 요새 뭐하노?
bAc6YywOZS4,[HOT 이슈메이커] ＜후보 자격 회복 김문수 11일 공식 후보 등록＞　김문수 지지자 최강욱! “이거슨 김문수의 30년 플랜이다!”,오마이TV,최강욱 전 의원님 책 잘 보고 있어요. 다시 부활하시길 ~~ 요즘 팬 됬어요.
U6OPBdpvFD4,"[🔴속보] 김문수, 오늘 공식 후보 등록…국힘 ""당 지도부, 정치적으로 다 함께 책임 질 것"" / 연합뉴스TV(YonhapnewsTV)",연합뉴스TV,권성동은 사퇴안해? 알랑한 원대대표 자리 그만 붙잡고..
U6OPBdpvFD4,"[🔴속보] 김문수, 오늘 공식 후보 등록…국힘 ""당 지도부, 정치적으로 다 함께 책임 질 것"" / 연합뉴스TV(YonhapnewsTV)",연합뉴스TV,쌍권씨들은 책임지고 물러난거면 다신 돌아오지마라. 그게 나라와 국민을 위하는 길이다.
U6OPBdpvFD4,"[🔴속보] 김문수, 오늘 공식 후보 등록…국힘 ""당 지도부, 정치적으로 다 함께 책임 질 것"" / 연합뉴스TV(YonhapnewsTV)",연합뉴스TV,쌍권 뒤에 숨어 동조한 국힘 의원들도 많습니다. 이제 모든게 정상으로 돌아왔으니 김문수에 관심 끝. 이재명 뽑아야지.
U6OPBdpvFD4,"[🔴속보] 김문수, 오늘 공식 후보 등록…국힘 ""당 지도부, 정치적으로 다 함께 책임 질 것"" / 연합뉴스TV(YonhapnewsTV)",연합뉴스TV,쌍권을즉각물러가라아주퇴출이다한덕수도순리를거슬리고노욕을부르더니꼴좋다신동욱도너무싱망이다정의를따르라
U6OPBdpvFD4,"[🔴속보] 김문수, 오늘 공식 후보 등록…국힘 ""당 지도부, 정치적으로 다 함께 책임 질 것"" / 연합뉴스TV(YonhapnewsTV)",연합뉴스TV,신동욱 저자도 참 한심하다
YmISce_cEvU,국민의 힘 후보교체 ‘부결’ 김문수 대선후보 등록 #김문수 #국민의힘 #쿠데타실패,아라치정보,"이건 생각이 없이 진행했어
쌍권이랑 석열이 작품이었는데
안된거지 ㅋ"
UH1T0KQ30YI,김문수 후보!선관위에 대통령후보 등록!!,이수옥TV,이제 하나되어 선거에서 꼭 승리 하기를 빕니다
ADtHxh69yYo,🔴LIVE 김문수 국민의힘 대통령후보 등록 / 이 시각 중앙선관위 / 25.5.11 / KNN,KNN NEWS,믿음직한 모습입니다. 국운이 다시한번 돌아 오려나 봅니다..
ADtHxh69yYo,🔴LIVE 김문수 국민의힘 대통령후보 등록 / 이 시각 중앙선관위 / 25.5.11 / KNN,KNN NEWS,정직.의리.청렴.용기의 지도자 김문수 후보님 강력지지합니다!!
ADtHxh69yYo,🔴LIVE 김문수 국민의힘 대통령후보 등록 / 이 시각 중앙선관위 / 25.5.11 / KNN,KNN NEWS,이제 똘똘뭉쳐 이기자.
ADtHxh69yYo,🔴LIVE 김문수 국민의힘 대통령후보 등록 / 이 시각 중앙선관위 / 25.5.11 / KNN,KNN NEWS,김문수 후보님 파이팅
ADtHxh69yYo,🔴LIVE 김문수 국민의힘 대통령후보 등록 / 이 시각 중앙선관위 / 25.5.11 / KNN,KNN NEWS,화합과 단일화 타격
ADtHxh69yYo,🔴LIVE 김문수 국민의힘 대통령후보 등록 / 이 시각 중앙선관위 / 25.5.11 / KNN,KNN NEWS,"뚝심있고  청럼 한 찰못된것엔 굴하지 않는 김문수라서 지지합니다.
꼭 승리합시다."
ADtHxh69yYo,🔴LIVE 김문수 국민의힘 대통령후보 등록 / 이 시각 중앙선관위 / 25.5.11 / KNN,KNN NEWS,유권자는 떠났다
ADtHxh69yYo,🔴LIVE 김문수 국민의힘 대통령후보 등록 / 이 시각 중앙선관위 / 25.5.11 / KNN,KNN NEWS,김문수 잡탕한동훈과연합하면이재명찍을것이다 두고봐라
PClLKIQM1gk,"[현장영상+] 국민의힘 김문수, 선관위 대선 후보 등록...정식 기호 2번 / YTN", YTN,"한밤중 후보교체 주동자들 다 나가라
그래야 당이 개혁이 되지"
PClLKIQM1gk,"[현장영상+] 국민의힘 김문수, 선관위 대선 후보 등록...정식 기호 2번 / YTN", YTN,김문수 후보님 잘하셨습니다ㆍ
PClLKIQM1gk,"[현장영상+] 국민의힘 김문수, 선관위 대선 후보 등록...정식 기호 2번 / YTN", YTN,쌍권과 한덕수의 추한 모습으로 대권주자 김문수가 더욱 빛났다
PClLKIQM1gk,"[현장영상+] 국민의힘 김문수, 선관위 대선 후보 등록...정식 기호 2번 / YTN", YTN,"다시 봄
김문수"
PClLKIQM1gk,"[현장영상+] 국민의힘 김문수, 선관위 대선 후보 등록...정식 기호 2번 / YTN", YTN,박력있어
PClLKIQM1gk,"[현장영상+] 국민의힘 김문수, 선관위 대선 후보 등록...정식 기호 2번 / YTN", YTN,얼마나 고생하셨을까? 맘이 아프네요. 굴하지 않는 강직함 존경합니다
PClLKIQM1gk,"[현장영상+] 국민의힘 김문수, 선관위 대선 후보 등록...정식 기호 2번 / YTN", YTN,"역시 김문수는 살무사다
이재명 독사는 살무사가 잡는다"
PClLKIQM1gk,"[현장영상+] 국민의힘 김문수, 선관위 대선 후보 등록...정식 기호 2번 / YTN", YTN,한표 던집니다
PClLKIQM1gk,"[현장영상+] 국민의힘 김문수, 선관위 대선 후보 등록...정식 기호 2번 / YTN", YTN,당연한 건데 참 힘드네요
PClLKIQM1gk,"[현장영상+] 국민의힘 김문수, 선관위 대선 후보 등록...정식 기호 2번 / YTN", YTN,두명의 극우 후보들 밥그릇 개싸움
PClLKIQM1gk,"[현장영상+] 국민의힘 김문수, 선관위 대선 후보 등록...정식 기호 2번 / YTN", YTN,모든 투쟁은 누가 먼저 뻘짓을 하느냐에 따라 승패가 정해지는것….
PClLKIQM1gk,"[현장영상+] 국민의힘 김문수, 선관위 대선 후보 등록...정식 기호 2번 / YTN", YTN,대통령 선거는 대충하고 권성동 몰아내서  당권이나 꽉 잡아라
PClLKIQM1gk,"[현장영상+] 국민의힘 김문수, 선관위 대선 후보 등록...정식 기호 2번 / YTN", YTN,사전투표 관리인 도장 직접날인만이 답이다...
PClLKIQM1gk,"[현장영상+] 국민의힘 김문수, 선관위 대선 후보 등록...정식 기호 2번 / YTN", YTN,기대가 됩니다
PClLKIQM1gk,"[현장영상+] 국민의힘 김문수, 선관위 대선 후보 등록...정식 기호 2번 / YTN", YTN,김문수 후보님 꼭 대통령이 되실겁니다
PClLKIQM1gk,"[현장영상+] 국민의힘 김문수, 선관위 대선 후보 등록...정식 기호 2번 / YTN", YTN,김문수화이팅
PClLKIQM1gk,"[현장영상+] 국민의힘 김문수, 선관위 대선 후보 등록...정식 기호 2번 / YTN", YTN,"☆김문수 ""사필귀정(事必歸正)""
  ""자유대한민국 국민 여러분 사랑합니다.""
♡Now N New (지금 다시 하나 되어) -
    하나되어 (Official Music Video)
    유튜브 . Leigh Robert Abbott ️️"
PClLKIQM1gk,"[현장영상+] 국민의힘 김문수, 선관위 대선 후보 등록...정식 기호 2번 / YTN", YTN,김문수 후보님은 부인도 육영수 여사 부활임니다 1당 2인조 이미 지사생활 전부터 20대때부터 부당함과 싸운 의로운 분들 임니다.든든함니다 어디 재명부부와 비교함니까
PClLKIQM1gk,"[현장영상+] 국민의힘 김문수, 선관위 대선 후보 등록...정식 기호 2번 / YTN", YTN,사전투표 조작 좀 하지 말라 선관위야...
PClLKIQM1gk,"[현장영상+] 국민의힘 김문수, 선관위 대선 후보 등록...정식 기호 2번 / YTN", YTN,진짜 멋지다. 사필귀정  돌아온. 투사. 김문수. 대통령으로 화이팅.
PClLKIQM1gk,"[현장영상+] 국민의힘 김문수, 선관위 대선 후보 등록...정식 기호 2번 / YTN", YTN,청렴 정직하며 쌍욕불륜을 하지않는 김문수
PClLKIQM1gk,"[현장영상+] 국민의힘 김문수, 선관위 대선 후보 등록...정식 기호 2번 / YTN", YTN,"참 나
해맑네"
PClLKIQM1gk,"[현장영상+] 국민의힘 김문수, 선관위 대선 후보 등록...정식 기호 2번 / YTN", YTN,오직 충성 구설 박대통령과 육영수 부활이라 믿음니다.
PClLKIQM1gk,"[현장영상+] 국민의힘 김문수, 선관위 대선 후보 등록...정식 기호 2번 / YTN", YTN,흔적도 안남는  봉인지  선관위 부정선거 ...
PClLKIQM1gk,"[현장영상+] 국민의힘 김문수, 선관위 대선 후보 등록...정식 기호 2번 / YTN", YTN,이왕 빅텐트칠 바엔 참신한 일꾼 다모아 구태를 청산하고 새로운 정치를 정착시켜 주기 바란다
PClLKIQM1gk,"[현장영상+] 국민의힘 김문수, 선관위 대선 후보 등록...정식 기호 2번 / YTN", YTN,에휴 먹튀 김문수 뽑을빠에 이준석 뽑는다
PClLKIQM1gk,"[현장영상+] 국민의힘 김문수, 선관위 대선 후보 등록...정식 기호 2번 / YTN", YTN,전광훈=김문수
PClLKIQM1gk,"[현장영상+] 국민의힘 김문수, 선관위 대선 후보 등록...정식 기호 2번 / YTN", YTN,김문수는 꼭 대통령되십니다.  화이딩
PClLKIQM1gk,"[현장영상+] 국민의힘 김문수, 선관위 대선 후보 등록...정식 기호 2번 / YTN", YTN,세력의힘으로 된거
PClLKIQM1gk,"[현장영상+] 국민의힘 김문수, 선관위 대선 후보 등록...정식 기호 2번 / YTN", YTN,고생하셨습니다 김문수 대통령님~~
PClLKIQM1gk,"[현장영상+] 국민의힘 김문수, 선관위 대선 후보 등록...정식 기호 2번 / YTN", YTN,김문수씨 대통령 후보로 살아온것 축하하지만 대통령감은 아니지  젊은시절의 당신과 나이먹어서 하는 행동에 잘 돌아 보사길....
PClLKIQM1gk,"[현장영상+] 국민의힘 김문수, 선관위 대선 후보 등록...정식 기호 2번 / YTN", YTN,이제 모든게 정상으로 돌아왔으니 김문수 지지 끝. 이재명 뽑아야지.
PClLKIQM1gk,"[현장영상+] 국민의힘 김문수, 선관위 대선 후보 등록...정식 기호 2번 / YTN", YTN,대리인이 없네
PClLKIQM1gk,"[현장영상+] 국민의힘 김문수, 선관위 대선 후보 등록...정식 기호 2번 / YTN", YTN,10년만 젊었어면 좋을껄~~
PClLKIQM1gk,"[현장영상+] 국민의힘 김문수, 선관위 대선 후보 등록...정식 기호 2번 / YTN", YTN,"나라면 더럽다고 침뱃고 나와버린다..엿먹으라고 욕하고...
어차피 대선에서 질껀데 뭔 욕심...혹시나인가요???
그냥 자존심이라도 챙기시지...ㅎ"
PClLKIQM1gk,"[현장영상+] 국민의힘 김문수, 선관위 대선 후보 등록...정식 기호 2번 / YTN", YTN,축하 해요
PClLKIQM1gk,"[현장영상+] 국민의힘 김문수, 선관위 대선 후보 등록...정식 기호 2번 / YTN", YTN,"문수야.달려라달려가자.
양심있는자가. 대선후보 자격자다.달리자달려라"
brKZv36aJA4,[다시보기] 국힘 당원투표서 '한덕수 후보 등록' 부결-5월 10일 (토) 풀영상 [이슈현장] / JTBC News,JTBC News,"석열의 난 - 덕수의 난 - 상목의 난 - 2차 덕수의 난 - 희대의 난 - 쌍권의 난, 모두 진압"
brKZv36aJA4,[다시보기] 국힘 당원투표서 '한덕수 후보 등록' 부결-5월 10일 (토) 풀영상 [이슈현장] / JTBC News,JTBC News,"두 권 다 나가야지?
왜? 한 권만 남죠"
brKZv36aJA4,[다시보기] 국힘 당원투표서 '한덕수 후보 등록' 부결-5월 10일 (토) 풀영상 [이슈현장] / JTBC News,JTBC News,세상 사람들의 욕을 그렇게나 먹으면서도 끝까지 권력의 미련을 못놓는구나.. 권력이 대단한겨..
brKZv36aJA4,[다시보기] 국힘 당원투표서 '한덕수 후보 등록' 부결-5월 10일 (토) 풀영상 [이슈현장] / JTBC News,JTBC News,"윤석열-김건희의 모든 시도는 실패했으니, 이제 이재명 제거 작전을 중단시켜라."
brKZv36aJA4,[다시보기] 국힘 당원투표서 '한덕수 후보 등록' 부결-5월 10일 (토) 풀영상 [이슈현장] / JTBC News,JTBC News,너도 사퇴해
brKZv36aJA4,[다시보기] 국힘 당원투표서 '한덕수 후보 등록' 부결-5월 10일 (토) 풀영상 [이슈현장] / JTBC News,JTBC News,걍 뭐 ㅋㅋㅋㅋㅋ 너무웃김 걍 콩가루집안 그자체
brKZv36aJA4,[다시보기] 국힘 당원투표서 '한덕수 후보 등록' 부결-5월 10일 (토) 풀영상 [이슈현장] / JTBC News,JTBC News,역모의 쓸쓸한 파티는 이렇게 끝이 나고~~~
brKZv36aJA4,[다시보기] 국힘 당원투표서 '한덕수 후보 등록' 부결-5월 10일 (토) 풀영상 [이슈현장] / JTBC News,JTBC News,어떤 점이 민주주의 파괴? 몰라서 되묻는 거 너무 놀랍네
brKZv36aJA4,[다시보기] 국힘 당원투표서 '한덕수 후보 등록' 부결-5월 10일 (토) 풀영상 [이슈현장] / JTBC News,JTBC News,수준을 언급하기도 처참하다. 김상욱 제외 107명의  내란동조범들과 식물인간같은 그 외 의원들로 정당이 채워졌으니 안망할수있나! 후보를 낸다는것 자체가 양심이 있다면 할수없는 일이지! 위헌정당해산까지 꼭 본다
brKZv36aJA4,[다시보기] 국힘 당원투표서 '한덕수 후보 등록' 부결-5월 10일 (토) 풀영상 [이슈현장] / JTBC News,JTBC News,영화로 만들어도 재밌겠다 ㅋㅋ
brKZv36aJA4,[다시보기] 국힘 당원투표서 '한덕수 후보 등록' 부결-5월 10일 (토) 풀영상 [이슈현장] / JTBC News,JTBC News,도대체가 이당은 어떻게 되가는겨?
brKZv36aJA4,[다시보기] 국힘 당원투표서 '한덕수 후보 등록' 부결-5월 10일 (토) 풀영상 [이슈현장] / JTBC News,JTBC News,형식을 따지자면 김문수 후보가 아니지. 니들이 취소 시켰잖아. 그럼 재추대 하려면 후보 등록 신청 다시 해 재인증 받아야 되는거 아녀? 뭔 비선출직 비대위원장이 응 너 다시 후보해 이럼 되는겨? 뭔 콩가루 정당이냐 ㅋ
brKZv36aJA4,[다시보기] 국힘 당원투표서 '한덕수 후보 등록' 부결-5월 10일 (토) 풀영상 [이슈현장] / JTBC News,JTBC News,그래요 당신들이 생각해도 이상하지요?
brKZv36aJA4,[다시보기] 국힘 당원투표서 '한덕수 후보 등록' 부결-5월 10일 (토) 풀영상 [이슈현장] / JTBC News,JTBC News,"이야 ~~~~~~~ 
할말이 없음은 내 인생 처음"
brKZv36aJA4,[다시보기] 국힘 당원투표서 '한덕수 후보 등록' 부결-5월 10일 (토) 풀영상 [이슈현장] / JTBC News,JTBC News,석열이와  똑같은  겄들
brKZv36aJA4,[다시보기] 국힘 당원투표서 '한덕수 후보 등록' 부결-5월 10일 (토) 풀영상 [이슈현장] / JTBC News,JTBC News,사무총장이고 권성동이고 썩은거들 도려내는것이 선거운동이다
brKZv36aJA4,[다시보기] 국힘 당원투표서 '한덕수 후보 등록' 부결-5월 10일 (토) 풀영상 [이슈현장] / JTBC News,JTBC News,역시 내란당하는 짓거리가 ~~
brKZv36aJA4,[다시보기] 국힘 당원투표서 '한덕수 후보 등록' 부결-5월 10일 (토) 풀영상 [이슈현장] / JTBC News,JTBC News,"하는 짓에 실망임,,"
brKZv36aJA4,[다시보기] 국힘 당원투표서 '한덕수 후보 등록' 부결-5월 10일 (토) 풀영상 [이슈현장] / JTBC News,JTBC News,기왕에 엎지러진 물인데 당원 투표 결과도 바꾸지 그랬냐. ㅋㅋㅋ
brKZv36aJA4,[다시보기] 국힘 당원투표서 '한덕수 후보 등록' 부결-5월 10일 (토) 풀영상 [이슈현장] / JTBC News,JTBC News,한덕수 권성동 권영세출당시켜라
brKZv36aJA4,[다시보기] 국힘 당원투표서 '한덕수 후보 등록' 부결-5월 10일 (토) 풀영상 [이슈현장] / JTBC News,JTBC News,변명하느라 애쓰네
brKZv36aJA4,[다시보기] 국힘 당원투표서 '한덕수 후보 등록' 부결-5월 10일 (토) 풀영상 [이슈현장] / JTBC News,JTBC News,요즘 국짐당 하는짓 보면 개그콘서트 보는것 같아서 넘 웃겨요.ㅋㅋㅋ
brKZv36aJA4,[다시보기] 국힘 당원투표서 '한덕수 후보 등록' 부결-5월 10일 (토) 풀영상 [이슈현장] / JTBC News,JTBC News,내란의당 없어져야 하는 이유 잘들 설명한다 ㅋㅋ
brKZv36aJA4,[다시보기] 국힘 당원투표서 '한덕수 후보 등록' 부결-5월 10일 (토) 풀영상 [이슈현장] / JTBC News,JTBC News,형사 처벌을 기다려야 할 자가 대권후보가 되려는 것은 어불 성설이다. 그래도 국힘에도 온전한 생각을 하는 자들이 더러 있구나
brKZv36aJA4,[다시보기] 국힘 당원투표서 '한덕수 후보 등록' 부결-5월 10일 (토) 풀영상 [이슈현장] / JTBC News,JTBC News,당원의 뜻은 무슨 당원의 뜻이냐. 내란 세력이 조금이라도 더 믿을 수 있는 놈 세우려고 또 비상식적으로 무리수를 두다가 역풍 맞은 거지. 그렇게 도의를 거스르고 민주주의를 기만하는 머리나 굴리고 무리수나 두다가는 다음번엔 임기 1년에 내란 일으키다 실패하는 놈 걸린다.
brKZv36aJA4,[다시보기] 국힘 당원투표서 '한덕수 후보 등록' 부결-5월 10일 (토) 풀영상 [이슈현장] / JTBC News,JTBC News,민주당 조심또 조심 이쇼는 이유가있다
brKZv36aJA4,[다시보기] 국힘 당원투표서 '한덕수 후보 등록' 부결-5월 10일 (토) 풀영상 [이슈현장] / JTBC News,JTBC News,결국은 ㅋㅋㅋㅋㅋ그냥 해산해라 뭐 있으나 마나. 하는 것도 없고 시끄럽기만하고 늬들은 이제 줄초상 치를 일만 남았다.
brKZv36aJA4,[다시보기] 국힘 당원투표서 '한덕수 후보 등록' 부결-5월 10일 (토) 풀영상 [이슈현장] / JTBC News,JTBC News,한덕수가 윤석열 마지막 희망 같던데.. 아이고 어쯔까잉..
brKZv36aJA4,[다시보기] 국힘 당원투표서 '한덕수 후보 등록' 부결-5월 10일 (토) 풀영상 [이슈현장] / JTBC News,JTBC News,신동욱은편명마라.너희들하는정치가.민주주의파괴가이니면뭐냐..국짐당민주주의는..임원몇몀이.후보내쫒게.그게민주주의라니.개도웃겠다
brKZv36aJA4,[다시보기] 국힘 당원투표서 '한덕수 후보 등록' 부결-5월 10일 (토) 풀영상 [이슈현장] / JTBC News,JTBC News,최종승자는 광훈이파 문수내  그럼 떡열이파 떡수는 어떻게 되는거지
brKZv36aJA4,[다시보기] 국힘 당원투표서 '한덕수 후보 등록' 부결-5월 10일 (토) 풀영상 [이슈현장] / JTBC News,JTBC News,만원의 행복
brKZv36aJA4,[다시보기] 국힘 당원투표서 '한덕수 후보 등록' 부결-5월 10일 (토) 풀영상 [이슈현장] / JTBC News,JTBC News,웃끼고있네
brKZv36aJA4,[다시보기] 국힘 당원투표서 '한덕수 후보 등록' 부결-5월 10일 (토) 풀영상 [이슈현장] / JTBC News,JTBC News,"나라를 내란으로 만들지않나
당을 내란으로 만들지 않나
아주 내란당이 맞네요"
brKZv36aJA4,[다시보기] 국힘 당원투표서 '한덕수 후보 등록' 부결-5월 10일 (토) 풀영상 [이슈현장] / JTBC News,JTBC News,쌍권추방시켜라
brKZv36aJA4,[다시보기] 국힘 당원투표서 '한덕수 후보 등록' 부결-5월 10일 (토) 풀영상 [이슈현장] / JTBC News,JTBC News,스타워즈  괴물같이 생겼어
brKZv36aJA4,[다시보기] 국힘 당원투표서 '한덕수 후보 등록' 부결-5월 10일 (토) 풀영상 [이슈현장] / JTBC News,JTBC News,청렴영생 부패즉사 잘살아보세 잘살아보세 한번더 우리 잘살아보세.
brKZv36aJA4,[다시보기] 국힘 당원투표서 '한덕수 후보 등록' 부결-5월 10일 (토) 풀영상 [이슈현장] / JTBC News,JTBC News,변명 지저분해
brKZv36aJA4,[다시보기] 국힘 당원투표서 '한덕수 후보 등록' 부결-5월 10일 (토) 풀영상 [이슈현장] / JTBC News,JTBC News,개그당임?
brKZv36aJA4,[다시보기] 국힘 당원투표서 '한덕수 후보 등록' 부결-5월 10일 (토) 풀영상 [이슈현장] / JTBC News,JTBC News,"당과당원들을 농락하고도 니들이 인간이니
아니면 말고식 
대선이 동내이장뽑니 
참 대단한놈들이다
국힘 당원들의 수준을 알겠다"
brKZv36aJA4,[다시보기] 국힘 당원투표서 '한덕수 후보 등록' 부결-5월 10일 (토) 풀영상 [이슈현장] / JTBC News,JTBC News,한덕수무슨욕심이냐.무슨*망신.권성동도물러나라.
brKZv36aJA4,[다시보기] 국힘 당원투표서 '한덕수 후보 등록' 부결-5월 10일 (토) 풀영상 [이슈현장] / JTBC News,JTBC News,한덕수 3억 내라 최종경선비
brKZv36aJA4,[다시보기] 국힘 당원투표서 '한덕수 후보 등록' 부결-5월 10일 (토) 풀영상 [이슈현장] / JTBC News,JTBC News,비대위원장 내려 놓는다고 국회의원 그만두는건 아니니까~국힘당은 계속 구정물이지~ㅋ
brKZv36aJA4,[다시보기] 국힘 당원투표서 '한덕수 후보 등록' 부결-5월 10일 (토) 풀영상 [이슈현장] / JTBC News,JTBC News,기름 장어 한덕수는 내란 방조범에 내란 동조범으로 수사 대상 아닌가. 공수처는 꼭 수사해서 처벌해야 합니다.
brKZv36aJA4,[다시보기] 국힘 당원투표서 '한덕수 후보 등록' 부결-5월 10일 (토) 풀영상 [이슈현장] / JTBC News,JTBC News,국짐 비대위가 설치는 바람에 국짐이 미처가고 있다 쌍권 빨리 사퇴하라
brKZv36aJA4,[다시보기] 국힘 당원투표서 '한덕수 후보 등록' 부결-5월 10일 (토) 풀영상 [이슈현장] / JTBC News,JTBC News,"저런 당을 지지 하는 사람 도저히 이해 안됨^^
얼렁뚱당,날치기,어거지,무지막지 지멋대로..ㅋㅋ"
brKZv36aJA4,[다시보기] 국힘 당원투표서 '한덕수 후보 등록' 부결-5월 10일 (토) 풀영상 [이슈현장] / JTBC News,JTBC News,권덕수.의리도없냐.나갈라면.짝쿵.성동이도데리고같이나가야지..그악당은.왜안나가냐
brKZv36aJA4,[다시보기] 국힘 당원투표서 '한덕수 후보 등록' 부결-5월 10일 (토) 풀영상 [이슈현장] / JTBC News,JTBC News,내란범 감옥가랔ㅋㅋㅋㅋ
brKZv36aJA4,[다시보기] 국힘 당원투표서 '한덕수 후보 등록' 부결-5월 10일 (토) 풀영상 [이슈현장] / JTBC News,JTBC News,ㅡㅡㅡ
brKZv36aJA4,[다시보기] 국힘 당원투표서 '한덕수 후보 등록' 부결-5월 10일 (토) 풀영상 [이슈현장] / JTBC News,JTBC News,ㅋㅋㅋ
brKZv36aJA4,[다시보기] 국힘 당원투표서 '한덕수 후보 등록' 부결-5월 10일 (토) 풀영상 [이슈현장] / JTBC News,JTBC News,"덕수야.축하한다.
이제 조용히 지은죄만큼
처벌받아라."
brKZv36aJA4,[다시보기] 국힘 당원투표서 '한덕수 후보 등록' 부결-5월 10일 (토) 풀영상 [이슈현장] / JTBC News,JTBC News,"왜. 윤석열을 다시 대선후보로
모시고 오는게 났지 안을까요
태극기부대들도 많은데"
brKZv36aJA4,[다시보기] 국힘 당원투표서 '한덕수 후보 등록' 부결-5월 10일 (토) 풀영상 [이슈현장] / JTBC News,JTBC News,민주당의 만행을 욕하먼서 똑같은 짓을 할려고 했으니 천벌 받은게지
brKZv36aJA4,[다시보기] 국힘 당원투표서 '한덕수 후보 등록' 부결-5월 10일 (토) 풀영상 [이슈현장] / JTBC News,JTBC News,얼굴거상 좀 시켜라 덕수마누라야
